,idPlanGobierno,idOrganizacionPolitica,txOrganizacionPolitica,idTipoEleccion,txTipoEleccion,idJuradoElectoral,txJuradoElectoral,txRutaCompleto,txRutaResumen,txTipoPlan,txCodExpedienteExt,idEstadoLista,txEstadoLista,nuCantidadCandidatos,txUbigeo,txDistritoElectoral,txRegion,txProvincia,txDistrito
0,27062,4,ACCION POPULAR,4,REGIONAL,1678,HUANCAVELICA,https://mpesije.jne.gob.pe/docs/09404ecb-ef66-4381-86f6-8ae44caa398b.pdf,https://mpesije.jne.gob.pe/docs/f5d77bf3-6dd8-4f98-943c-9c85a29aad28.pdf,,ERM.2022015904,158,INSCRITO,24,80000,,HUANCAVELICA,,
1,20786,4,ACCION POPULAR,4,REGIONAL,1709,MOYOBAMBA,https://mpesije.jne.gob.pe/docs/21596036-f27e-4eb5-b1da-9a11ec670cff.pdf,https://mpesije.jne.gob.pe/docs/d95d3941-621b-40a0-9795-0cbd5e24b04b.pdf,,ERM.2022014541,158,INSCRITO,32,210000,,SAN MARTIN,,
2,26283,4,ACCION POPULAR,4,REGIONAL,1730,TAMBOPATA,https://mpesije.jne.gob.pe/docs/cc0ad0ab-04a6-459b-a399-cc40c62d0cca.pdf,https://mpesije.jne.gob.pe/docs/44eb1c73-1b09-4e8e-be65-8420720cb892.pdf,,ERM.2022016647,152,IMPROCEDENTE,22,160000,,MADRE DE DIOS,,
3,26484,4,ACCION POPULAR,4,REGIONAL,1733,TRUJILLO,https://mpesije.jne.gob.pe/docs/8c90c97f-b936-4e6c-a6be-f02ee6b74895.pdf,https://mpesije.jne.gob.pe/docs/89ca69d7-7f8c-414e-9a65-6a96299ae2da.pdf,,ERM.2022017211,158,INSCRITO,36,120000,,LA LIBERTAD,,
4,27420,4,ACCION POPULAR,4,REGIONAL,1679,HUANCAYO,https://mpesije.jne.gob.pe/docs/fcb198a5-a36e-4487-8a9b-eec6eb97a209.pdf,https://mpesije.jne.gob.pe/docs/9c00f708-6a84-42bc-8b8d-1a13ea4b3b5e.pdf,,ERM.2022015057,152,IMPROCEDENTE,28,110000,,JUNIN,,
5,28711,4,ACCION POPULAR,4,REGIONAL,1682,HUARAZ,https://mpesije.jne.gob.pe/docs/0f865f0a-31e3-46f7-bad3-3d3c3900cf6b.pdf,https://mpesije.jne.gob.pe/docs/2a972bfc-8a0d-49f4-af5e-db8868ca6597.pdf,,ERM.2022018419,152,IMPROCEDENTE,52,20000,,ANCASH,,
6,25827,4,ACCION POPULAR,4,REGIONAL,1646,ABANCAY,https://mpesije.jne.gob.pe/docs/30d31a14-75f2-4b64-b68b-fcaa63986249.pdf,https://mpesije.jne.gob.pe/docs/d26e1fa6-3a14-4e19-b7df-685be7641596.pdf,,ERM.2022018103,158,INSCRITO,24,30000,,APURIMAC,,
7,28692,4,ACCION POPULAR,4,REGIONAL,1670,CORONEL PORTILLO,https://mpesije.jne.gob.pe/docs/06efe8c4-7f84-46ed-8072-319a9e97776b.pdf,https://mpesije.jne.gob.pe/docs/7d65eb32-8c4c-45e6-b098-ba823b5fe016.pdf,,ERM.2022009024,158,INSCRITO,24,250000,,UCAYALI,,
8,22811,4,ACCION POPULAR,4,REGIONAL,1705,MARISCAL NIETO,https://mpesije.jne.gob.pe/docs/0b0306d9-79a0-4223-87ee-ab66633b4931.pdf,https://mpesije.jne.gob.pe/docs/f3e2be0c-6abb-46f5-b9ca-96284a3e6123.pdf,,ERM.2022015841,158,INSCRITO,22,170000,,MOQUEGUA,,
9,29087,2856,ALIANZA GOBIERNO UNIDAD Y ACCION,4,REGIONAL,1682,HUARAZ,https://mpesije.jne.gob.pe/docs/72095b8b-5e22-44ed-b5d2-f6cbf134e12b.pdf,https://mpesije.jne.gob.pe/docs/262faa43-8555-4f96-9668-83309e2e56dd.pdf,,ERM.2022007521,158,INSCRITO,52,20000,,ANCASH,,
10,26882,2809,ALIANZA LIBERTAD MADREDIOSENSE,4,REGIONAL,1730,TAMBOPATA,https://mpesije.jne.gob.pe/docs/1b37b9f0-59a1-4ab9-a1c6-536186f6001f.pdf,https://mpesije.jne.gob.pe/docs/75ce5101-bea8-40f2-b6e5-01420b794650.pdf,,ERM.2022008156,158,INSCRITO,22,160000,,MADRE DE DIOS,,
11,29269,1257,ALIANZA PARA EL PROGRESO,4,REGIONAL,1678,HUANCAVELICA,https://mpesije.jne.gob.pe/docs/d72e3a3e-3f0a-4370-a783-ca3aa006c4fd.pdf,https://mpesije.jne.gob.pe/docs/7feda762-5960-4c10-8b51-e8d4346cd050.pdf,,ERM.2022008656,158,INSCRITO,24,80000,,HUANCAVELICA,,
12,28424,1257,ALIANZA PARA EL PROGRESO,4,REGIONAL,1676,HUAMANGA,https://mpesije.jne.gob.pe/docs/4ad36a44-43b3-489b-bb83-135023e98f6f.pdf,https://mpesije.jne.gob.pe/docs/bae7f1ad-2168-4a53-b7a3-c28072e51123.pdf,,ERM.2022009719,158,INSCRITO,36,50000,,AYACUCHO,,
13,27189,1257,ALIANZA PARA EL PROGRESO,4,REGIONAL,1671,CUSCO,https://mpesije.jne.gob.pe/docs/7f8c2df5-2a4b-415e-a0e6-a068388472d3.pdf,https://mpesije.jne.gob.pe/docs/611a6b78-4758-48e5-9902-a3e665a07bfb.pdf,,ERM.2022009671,158,INSCRITO,46,70000,,CUSCO,,
14,27297,1257,ALIANZA PARA EL PROGRESO,4,REGIONAL,1670,CORONEL PORTILLO,https://mpesije.jne.gob.pe/docs/4a3a3ce8-49a4-40c1-a486-86748f06a3cd.pdf,https://mpesije.jne.gob.pe/docs/1054b216-4931-4b31-89a2-87bc110f2968.pdf,,ERM.2022009075,158,INSCRITO,24,250000,,UCAYALI,,
15,27490,1257,ALIANZA PARA EL PROGRESO,4,REGIONAL,1646,ABANCAY,https://mpesije.jne.gob.pe/docs/bd6c60a2-09c5-49fa-a9bf-2c4cd3c5ab19.pdf,https://mpesije.jne.gob.pe/docs/9923b757-5ba8-41c8-81b9-bbc207677090.pdf,,ERM.2022014597,158,INSCRITO,24,30000,,APURIMAC,,
16,28151,1257,ALIANZA PARA EL PROGRESO,4,REGIONAL,1715,PIURA,https://mpesije.jne.gob.pe/docs/d3c3afa6-2b7a-46dc-81b1-edc88cd641b7.pdf,https://mpesije.jne.gob.pe/docs/3d79519b-2980-4c51-9a3d-267c9882a164.pdf,,ERM.2022012547,158,INSCRITO,24,190000,,PIURA,,
17,28838,1257,ALIANZA PARA EL PROGRESO,4,REGIONAL,1718,PUNO,https://mpesije.jne.gob.pe/docs/294897f5-7f32-4e24-bc1b-d1ef6f698096.pdf,https://mpesije.jne.gob.pe/docs/9d70e614-f934-4922-bec4-056bb198f1cc.pdf,,ERM.2022013946,158,INSCRITO,40,200000,,PUNO,,
18,27112,1257,ALIANZA PARA EL PROGRESO,4,REGIONAL,1664,CHACHAPOYAS,https://mpesije.jne.gob.pe/docs/f186822d-f18e-4915-8dbc-c5519ee4fba2.pdf,https://mpesije.jne.gob.pe/docs/9f1d7e4f-cfef-40b7-ae12-ccd4f97f6e13.pdf,,ERM.2022010950,158,INSCRITO,22,10000,,AMAZONAS,,
19,28155,1257,ALIANZA PARA EL PROGRESO,4,REGIONAL,1729,TACNA,https://mpesije.jne.gob.pe/docs/12fe892a-76ab-4385-a546-ab55b5c406a4.pdf,https://mpesije.jne.gob.pe/docs/4e4ca4a6-5124-4fc6-92d8-d2f9137eaa2b.pdf,,ERM.2022014583,158,INSCRITO,22,220000,,TACNA,,
20,29503,1257,ALIANZA PARA EL PROGRESO,4,REGIONAL,1730,TAMBOPATA,https://mpesije.jne.gob.pe/docs/4152b274-779e-446c-8b6d-f798cd35e365.pdf,https://mpesije.jne.gob.pe/docs/d50e3355-cac5-4791-94e5-a969af3a832a.pdf,,ERM.2022010683,158,INSCRITO,22,160000,,MADRE DE DIOS,,
21,28945,1257,ALIANZA PARA EL PROGRESO,4,REGIONAL,1666,CHICLAYO,https://mpesije.jne.gob.pe/docs/63284157-fffa-4d93-8ec9-8137476b5fad.pdf,https://mpesije.jne.gob.pe/docs/cc81de9b-d95b-432f-8c70-fdce4110e085.pdf,,ERM.2022009759,158,INSCRITO,22,130000,,LAMBAYEQUE,,
22,29099,1257,ALIANZA PARA EL PROGRESO,4,REGIONAL,1734,TUMBES,https://mpesije.jne.gob.pe/docs/456f621a-d902-42a2-8ce9-66461c449487.pdf,https://mpesije.jne.gob.pe/docs/632a537d-85d4-4f35-a94a-468c8e604498.pdf,,ERM.2022005719,158,INSCRITO,16,230000,,TUMBES,,
23,28774,1257,ALIANZA PARA EL PROGRESO,4,REGIONAL,1733,TRUJILLO,https://mpesije.jne.gob.pe/docs/0690f333-becc-4d62-8a52-742052c74b5f.pdf,https://mpesije.jne.gob.pe/docs/38617503-dcde-4f95-abe7-7a2c6a32a6fc.pdf,,ERM.2022018070,158,INSCRITO,36,120000,,LA LIBERTAD,,
24,27651,1257,ALIANZA PARA EL PROGRESO,4,REGIONAL,1709,MOYOBAMBA,https://mpesije.jne.gob.pe/docs/092b4a8c-4148-424d-80bf-714db580b1d2.pdf,https://mpesije.jne.gob.pe/docs/eb65f2bd-25b9-45c6-9370-367c730ba8bb.pdf,,ERM.2022008516,158,INSCRITO,32,210000,,SAN MARTIN,,
25,29364,1257,ALIANZA PARA EL PROGRESO,4,REGIONAL,1650,AREQUIPA,https://mpesije.jne.gob.pe/docs/be1a0fc4-4ea7-41f0-a327-4a37ba8ba083.pdf,https://mpesije.jne.gob.pe/docs/188d6f4d-c152-4e14-83d5-3b83e5d53335.pdf,,ERM.2022017827,158,INSCRITO,30,40000,,AREQUIPA,,
26,27274,1257,ALIANZA PARA EL PROGRESO,4,REGIONAL,1707,MAYNAS,https://mpesije.jne.gob.pe/docs/866cd65a-4438-4b5f-afc8-6c6e149e2c3d.pdf,https://mpesije.jne.gob.pe/docs/872740ef-86ae-453a-a4d9-430c87306dc8.pdf,,ERM.2022015726,158,INSCRITO,34,150000,,LORETO,,
27,29084,1257,ALIANZA PARA EL PROGRESO,4,REGIONAL,1679,HUANCAYO,https://mpesije.jne.gob.pe/docs/2a87cadb-95fe-4fa0-b8c8-e3075a1ab006.pdf,https://mpesije.jne.gob.pe/docs/ce34d4ee-0c2d-4f57-ac93-8503a3bc5b2e.pdf,,ERM.2022010890,158,INSCRITO,28,110000,,JUNIN,,
28,29364,1257,ALIANZA PARA EL PROGRESO,4,REGIONAL,1650,AREQUIPA,https://mpesije.jne.gob.pe/docs/be1a0fc4-4ea7-41f0-a327-4a37ba8ba083.pdf,https://mpesije.jne.gob.pe/docs/188d6f4d-c152-4e14-83d5-3b83e5d53335.pdf,,ERM.2022018123,147,RECIBIDO,30,40000,,AREQUIPA,,
29,29530,1257,ALIANZA PARA EL PROGRESO,4,REGIONAL,1682,HUARAZ,https://mpesije.jne.gob.pe/docs/e779a9b7-3f1a-4d86-82d7-2bb2577d8ecd.pdf,https://mpesije.jne.gob.pe/docs/0b10176d-f1d9-4bf3-b340-5d19650d2422.pdf,,ERM.2022014383,152,IMPROCEDENTE,52,20000,,ANCASH,,
30,27854,1257,ALIANZA PARA EL PROGRESO,4,REGIONAL,1656,CAJAMARCA,https://mpesije.jne.gob.pe/docs/8b0a7acb-7233-4257-a4f4-e887ae949948.pdf,https://mpesije.jne.gob.pe/docs/8ff95f41-deed-4287-99ae-813270d751b2.pdf,,ERM.2022015497,158,INSCRITO,40,60000,,CAJAMARCA,,
31,29454,1257,ALIANZA PARA EL PROGRESO,4,REGIONAL,1657,CALLAO,https://mpesije.jne.gob.pe/docs/07d87e5c-92b3-4de6-a71b-e072f302f397.pdf,https://mpesije.jne.gob.pe/docs/9ff87fac-42b5-4166-b461-c8bdcc0da274.pdf,,ERM.2022008481,158,INSCRITO,20,240000,,CALLAO,,
32,28589,1257,ALIANZA PARA EL PROGRESO,4,REGIONAL,1685,HUAURA,https://mpesije.jne.gob.pe/docs/1632dad2-4408-461c-b5e0-ba87a0c19027.pdf,https://mpesije.jne.gob.pe/docs/db1a246a-7951-481b-88ea-869f99259e1a.pdf,,ERM.2022013782,158,INSCRITO,28,140000,,LIMA,,
33,29517,1257,ALIANZA PARA EL PROGRESO,4,REGIONAL,1688,ICA,https://mpesije.jne.gob.pe/docs/ad7bf61b-637b-458e-a96e-90ea4c2ee558.pdf,https://mpesije.jne.gob.pe/docs/f4733651-217d-45dc-b316-826f3d674b45.pdf,,ERM.2022009327,158,INSCRITO,24,100000,,ICA,,
34,28175,1257,ALIANZA PARA EL PROGRESO,4,REGIONAL,1705,MARISCAL NIETO,https://mpesije.jne.gob.pe/docs/e076f2c4-ce7c-4c2a-bee2-a6859138bf34.pdf,https://mpesije.jne.gob.pe/docs/285b44dc-da2d-4d99-ae5a-398590391be7.pdf,,ERM.2022010061,158,INSCRITO,22,170000,,MOQUEGUA,,
35,29470,2710,ALIANZA POR NUESTRO DESARROLLO,4,REGIONAL,1676,HUAMANGA,https://mpesije.jne.gob.pe/docs/c0dc7704-2f3c-4931-b08f-b5e4aa0d24c2.pdf,https://mpesije.jne.gob.pe/docs/038321b8-6bf7-4530-a92a-006fa5cd6868.pdf,,ERM.2022016143,158,INSCRITO,36,50000,,AYACUCHO,,
36,27157,2261,AREQUIPA - UNIDOS POR EL GRAN CAMBIO,4,REGIONAL,1650,AREQUIPA,https://mpesije.jne.gob.pe/docs/47aaa3f0-0116-4ca6-a269-54391f98712f.pdf,https://mpesije.jne.gob.pe/docs/f1dffd67-9d34-465a-97c1-cdc09d192ba6.pdf,,ERM.2022016197,158,INSCRITO,30,40000,,AREQUIPA,,
37,24523,142,"AREQUIPA, TRADICION Y FUTURO",4,REGIONAL,1650,AREQUIPA,https://mpesije.jne.gob.pe/docs/13664a9a-5896-427a-b539-aa55f01a4e98.pdf,https://mpesije.jne.gob.pe/docs/3b3be141-a439-4684-a886-3277107319dd.pdf,,ERM.2022016016,158,INSCRITO,30,40000,,AREQUIPA,,
38,27307,153,AUTOGOBIERNO AYLLU,4,REGIONAL,1671,CUSCO,https://mpesije.jne.gob.pe/docs/75fac3e8-762f-44c0-8307-8682e71c6115.pdf,https://mpesije.jne.gob.pe/docs/29989197-3949-4526-8cbf-62b85873d769.pdf,,ERM.2022017973,158,INSCRITO,46,70000,,CUSCO,,
39,28222,2173,AVANZA PAIS - PARTIDO DE INTEGRACION SOCIAL,4,REGIONAL,1733,TRUJILLO,https://mpesije.jne.gob.pe/docs/6d92bb2e-8063-4a82-a4b4-bcf8ce2ae008.pdf,https://mpesije.jne.gob.pe/docs/b3e371fa-0ffe-44a9-b446-9fe92d2bf0bd.pdf,,ERM.2022014787,152,IMPROCEDENTE,36,120000,,LA LIBERTAD,,
40,22157,2173,AVANZA PAIS - PARTIDO DE INTEGRACION SOCIAL,4,REGIONAL,1730,TAMBOPATA,https://mpesije.jne.gob.pe/docs/e9d019e9-1159-4479-8fd6-bc5f074156f1.pdf,https://mpesije.jne.gob.pe/docs/4ac67022-da8f-4c2d-8235-8d22d9d3a1af.pdf,,ERM.2022007581,158,INSCRITO,22,160000,,MADRE DE DIOS,,
41,24820,2173,AVANZA PAIS - PARTIDO DE INTEGRACION SOCIAL,4,REGIONAL,1729,TACNA,https://mpesije.jne.gob.pe/docs/5724b788-ccb3-411c-a8e4-6b2fba6eb5b0.pdf,https://mpesije.jne.gob.pe/docs/2199877c-eae2-47b6-a80a-7f95de0ef646.pdf,,ERM.2022007423,158,INSCRITO,22,220000,,TACNA,,
42,24414,2173,AVANZA PAIS - PARTIDO DE INTEGRACION SOCIAL,4,REGIONAL,1709,MOYOBAMBA,https://mpesije.jne.gob.pe/docs/d0fb5e25-c761-4154-82df-2b3410ad5821.pdf,https://mpesije.jne.gob.pe/docs/e9d65539-0c18-4b6c-9553-685a879dc716.pdf,,ERM.2022007490,158,INSCRITO,32,210000,,SAN MARTIN,,
43,29534,2173,AVANZA PAIS - PARTIDO DE INTEGRACION SOCIAL,4,REGIONAL,1685,HUAURA,https://mpesije.jne.gob.pe/docs/30ebb556-4682-4aff-a28d-fc47aabe360e.pdf,https://mpesije.jne.gob.pe/docs/2ddc9b37-89f4-4cbe-a72b-f7c6e60a75c2.pdf,,ERM.2022014686,158,INSCRITO,28,140000,,LIMA,,
44,27000,2173,AVANZA PAIS - PARTIDO DE INTEGRACION SOCIAL,4,REGIONAL,1682,HUARAZ,https://mpesije.jne.gob.pe/docs/18a13cad-dae4-4a3a-bfd4-8fabdf455cf1.pdf,https://mpesije.jne.gob.pe/docs/89a8beb3-8992-4b4a-99d3-245c02c715f1.pdf,,ERM.2022014482,158,INSCRITO,52,20000,,ANCASH,,
45,22374,2173,AVANZA PAIS - PARTIDO DE INTEGRACION SOCIAL,4,REGIONAL,1680,HUANUCO,https://mpesije.jne.gob.pe/docs/f64cd0eb-db49-4f62-bc81-fddec36815c7.pdf,https://mpesije.jne.gob.pe/docs/e15b1362-0160-415d-84e7-1d49bece859e.pdf,,ERM.2022007349,158,INSCRITO,42,90000,,HUANUCO,,
46,25805,2173,AVANZA PAIS - PARTIDO DE INTEGRACION SOCIAL,4,REGIONAL,1670,CORONEL PORTILLO,https://mpesije.jne.gob.pe/docs/4240f7f6-91c5-470e-b9e0-108246df5d00.pdf,https://mpesije.jne.gob.pe/docs/c326ab3f-fd51-49f5-b51d-58e3a63ed98b.pdf,,ERM.2022014978,158,INSCRITO,24,250000,,UCAYALI,,
47,28704,2173,AVANZA PAIS - PARTIDO DE INTEGRACION SOCIAL,4,REGIONAL,1666,CHICLAYO,https://mpesije.jne.gob.pe/docs/a1457e59-a6e4-47c1-8ebf-e911159f7936.pdf,https://mpesije.jne.gob.pe/docs/31afc1ab-7891-452a-9f4a-de19306546ee.pdf,,ERM.2022009807,158,INSCRITO,22,130000,,LAMBAYEQUE,,
48,26063,2173,AVANZA PAIS - PARTIDO DE INTEGRACION SOCIAL,4,REGIONAL,1657,CALLAO,https://mpesije.jne.gob.pe/docs/d42fc091-3f8f-414e-bee9-67b30c5207c6.pdf,https://mpesije.jne.gob.pe/docs/615b8957-1268-42bb-9e4b-1e155df5121f.pdf,,ERM.2022007678,158,INSCRITO,20,240000,,CALLAO,,
49,21739,2173,AVANZA PAIS - PARTIDO DE INTEGRACION SOCIAL,4,REGIONAL,1656,CAJAMARCA,https://mpesije.jne.gob.pe/docs/b203158b-79a8-4408-9de1-a13421bc98b4.pdf,https://mpesije.jne.gob.pe/docs/4ecc5367-dafc-4d42-9d27-68acf5cdee72.pdf,,ERM.2022008828,158,INSCRITO,40,60000,,CAJAMARCA,,
50,27415,2173,AVANZA PAIS - PARTIDO DE INTEGRACION SOCIAL,4,REGIONAL,1734,TUMBES,https://mpesije.jne.gob.pe/docs/6f6c78ee-b79f-458a-bdf5-d5a68e4bb3a2.pdf,https://mpesije.jne.gob.pe/docs/064e9dd0-2738-49bd-a2d6-c65286b7d981.pdf,,ERM.2022015569,158,INSCRITO,16,230000,,TUMBES,,
51,28325,2173,AVANZA PAIS - PARTIDO DE INTEGRACION SOCIAL,4,REGIONAL,1650,AREQUIPA,https://mpesije.jne.gob.pe/docs/64d53943-9ba6-455e-8cf9-2dd4fc4e997b.pdf,https://mpesije.jne.gob.pe/docs/48cc55f2-9b85-4e3c-8390-5ffaa50acc71.pdf,,ERM.2022010776,158,INSCRITO,30,40000,,AREQUIPA,,
52,26218,1600,BANDERAS TACNEÑISTAS,4,REGIONAL,1729,TACNA,https://mpesije.jne.gob.pe/docs/60fef9bf-907e-4bb0-aa99-81776919e766.pdf,https://mpesije.jne.gob.pe/docs/068c40c2-ee1a-4597-ac04-86738bf593e9.pdf,,ERM.2022014377,158,INSCRITO,22,220000,,TACNA,,
53,16571,1464,CAJAMARCA SIEMPRE VERDE,4,REGIONAL,1656,CAJAMARCA,https://mpesije.jne.gob.pe/docs/d6c53f48-eb99-4f3b-9d18-f28821f8d046.pdf,https://mpesije.jne.gob.pe/docs/8fcf1b59-f6ae-4a72-b1f8-c315883ce8e2.pdf,,ERM.2022008479,158,INSCRITO,40,60000,,CAJAMARCA,,
54,28610,122,CAMINEMOS JUNTOS POR JUNIN,4,REGIONAL,1679,HUANCAYO,https://mpesije.jne.gob.pe/docs/8cc85075-4457-436b-9128-a93325981680.pdf,https://mpesije.jne.gob.pe/docs/54c98edc-4e7a-4b78-b997-918982a6c8b4.pdf,,ERM.2022017889,158,INSCRITO,28,110000,,JUNIN,,
55,21891,332,CONCERTACION PARA EL DESARROLLO REGIONAL - LIMA,4,REGIONAL,1685,HUAURA,https://mpesije.jne.gob.pe/docs/ca6faca5-04ba-442f-887d-83f46141efe2.pdf,https://mpesije.jne.gob.pe/docs/2a804c8d-0c8a-439a-ac30-0e3401fde4f4.pdf,,ERM.2022015598,158,INSCRITO,28,140000,,LIMA,,
56,20498,2652,CONTIGO CALLAO,4,REGIONAL,1657,CALLAO,https://mpesije.jne.gob.pe/docs/a5f10d24-fb91-498a-a76f-f095f0587cba.pdf,https://mpesije.jne.gob.pe/docs/fa312d72-8ea2-4442-b3c4-059cca2741a4.pdf,,ERM.2022005895,158,INSCRITO,20,240000,,CALLAO,,
57,27351,2862,CONTIGO REGION,4,REGIONAL,1715,PIURA,https://mpesije.jne.gob.pe/docs/279bdcd8-1bf5-43c7-84fc-2f99b5a84763.pdf,https://mpesije.jne.gob.pe/docs/5845ef3b-8b90-4730-9368-d92d3d7944e6.pdf,,ERM.2022007764,158,INSCRITO,24,190000,,PIURA,,
58,27282,2729,CORAZON PATRIOTA,4,REGIONAL,1679,HUANCAYO,https://mpesije.jne.gob.pe/docs/4c170c1a-b3e0-4e0b-b412-d34650e38a83.pdf,https://mpesije.jne.gob.pe/docs/1c3bb28c-1b0a-41ac-bd25-1af3f2ab7735.pdf,,ERM.2022017449,158,INSCRITO,28,110000,,JUNIN,,
59,21650,2898,FE EN EL PERU,4,REGIONAL,1670,CORONEL PORTILLO,https://mpesije.jne.gob.pe/docs/4b73ee98-9d36-4a6f-a900-a8f42ba425a9.pdf,https://mpesije.jne.gob.pe/docs/5baeb923-9276-4a3a-ac10-357dc0d0eff2.pdf,,ERM.2022011763,152,IMPROCEDENTE,24,250000,,UCAYALI,,
60,26880,2898,FE EN EL PERU,4,REGIONAL,1679,HUANCAYO,https://mpesije.jne.gob.pe/docs/943750f9-d326-4c4d-87b7-9fa7a0ce1f3e.pdf,https://mpesije.jne.gob.pe/docs/64992b5b-1bf7-42c8-a4c9-ad2c308f8341.pdf,,ERM.2022009211,152,IMPROCEDENTE,28,110000,,JUNIN,,
61,26342,2898,FE EN EL PERU,4,REGIONAL,1657,CALLAO,https://mpesije.jne.gob.pe/docs/3f9552ba-0b18-4682-afa3-35b127a2ac33.pdf,https://mpesije.jne.gob.pe/docs/21331a1b-36a0-43ea-b772-b8034d6847f7.pdf,,ERM.2022010719,152,IMPROCEDENTE,20,240000,,CALLAO,,
62,22414,2898,FE EN EL PERU,4,REGIONAL,1734,TUMBES,https://mpesije.jne.gob.pe/docs/423ff416-61e7-4508-9469-bbc56215ac38.pdf,https://mpesije.jne.gob.pe/docs/ba5793a0-4aa3-45d9-a476-879b3231834c.pdf,,ERM.2022007931,152,IMPROCEDENTE,16,230000,,TUMBES,,
63,28274,2898,FE EN EL PERU,4,REGIONAL,1715,PIURA,https://mpesije.jne.gob.pe/docs/72f281aa-5c8a-4720-945e-a6c9e2293602.pdf,https://mpesije.jne.gob.pe/docs/28bad95f-e379-4ada-abdc-2643e292f610.pdf,,ERM.2022016111,152,IMPROCEDENTE,24,190000,,PIURA,,
64,28000,1670,FRENTE AMPLIO PARA EL DESARROLLO DEL PUEBLO,4,REGIONAL,1718,PUNO,https://mpesije.jne.gob.pe/docs/9072aebf-7847-40f4-b50b-82cc08fc9198.pdf,https://mpesije.jne.gob.pe/docs/ae0d9dae-fa32-4287-8b56-dc7678799134.pdf,,ERM.2022008680,158,INSCRITO,40,200000,,PUNO,,
65,23889,2708,FRENTE ESPERANZA POR TACNA,4,REGIONAL,1729,TACNA,https://mpesije.jne.gob.pe/docs/37b8fcc6-66b2-4045-a167-c5d851802c0c.pdf,https://mpesije.jne.gob.pe/docs/f8efb8d7-c342-415b-ab34-9ce14e307803.pdf,,ERM.2022009383,158,INSCRITO,22,220000,,TACNA,,
66,25386,2901,FRENTE POPULAR AGRICOLA FIA DEL PERU,4,REGIONAL,1664,CHACHAPOYAS,https://mpesije.jne.gob.pe/docs/eab225d5-ad43-4e99-b3e7-765029aae56e.pdf,https://mpesije.jne.gob.pe/docs/37c6a200-1dd7-45dc-bb90-c330cf09f542.pdf,,ERM.2022017411,152,IMPROCEDENTE,22,10000,,AMAZONAS,,
67,20905,2901,FRENTE POPULAR AGRICOLA FIA DEL PERU,4,REGIONAL,1657,CALLAO,https://mpesije.jne.gob.pe/docs/d3e739fe-86a0-4b51-9a5f-c86109a6c3b2.pdf,https://mpesije.jne.gob.pe/docs/82ad4767-1bbb-487f-a0a4-62544c6d9738.pdf,,ERM.2022017028,152,IMPROCEDENTE,20,240000,,CALLAO,,
68,28742,2901,FRENTE POPULAR AGRICOLA FIA DEL PERU,4,REGIONAL,1678,HUANCAVELICA,https://mpesije.jne.gob.pe/docs/1f6f96d5-c18f-49c7-8297-cea2c7eeed44.pdf,https://mpesije.jne.gob.pe/docs/56a768a5-c7c0-4311-bafb-9fdfbd3ba506.pdf,,ERM.2022017514,152,IMPROCEDENTE,24,80000,,HUANCAVELICA,,
69,24301,2901,FRENTE POPULAR AGRICOLA FIA DEL PERU,4,REGIONAL,1676,HUAMANGA,https://mpesije.jne.gob.pe/docs/4537c279-2e22-4950-b5f0-b9cab45aadf8.pdf,https://mpesije.jne.gob.pe/docs/358c6b7a-ea24-413e-8bfb-19508938ef22.pdf,,ERM.2022016823,152,IMPROCEDENTE,36,50000,,AYACUCHO,,
70,24818,2901,FRENTE POPULAR AGRICOLA FIA DEL PERU,4,REGIONAL,1670,CORONEL PORTILLO,https://mpesije.jne.gob.pe/docs/6465227a-72b7-4409-ab84-097697e07236.pdf,https://mpesije.jne.gob.pe/docs/75c8a1ea-047e-423c-bb0f-67dd29459643.pdf,,ERM.2022016441,152,IMPROCEDENTE,24,250000,,UCAYALI,,
71,16649,160,FRENTE REGIONAL DE CAJAMARCA,4,REGIONAL,1656,CAJAMARCA,https://mpesije.jne.gob.pe/docs/38f39740-ace2-475e-ae94-2d5ed933b6f7.pdf,https://mpesije.jne.gob.pe/docs/fd761c68-02a8-450a-88f0-60dfa39035a7.pdf,,ERM.2022017090,158,INSCRITO,40,60000,,CAJAMARCA,,
72,28320,2911,FRENTE REGIONAL TUPAC,4,REGIONAL,1671,CUSCO,https://mpesije.jne.gob.pe/docs/e757ef10-6a72-4740-bcac-14659ae2ce68.pdf,https://mpesije.jne.gob.pe/docs/9dba2517-d70a-4076-8be3-75cd83a8594b.pdf,,ERM.2022018113,152,IMPROCEDENTE,46,70000,,CUSCO,,
73,21233,1393,FUERZA AREQUIPEÑA,4,REGIONAL,1650,AREQUIPA,https://mpesije.jne.gob.pe/docs/81f7a939-d10b-4334-a4fd-d5bcc27d360d.pdf,https://mpesije.jne.gob.pe/docs/2bb1cc87-1bff-4b6a-929e-99d42ff363c2.pdf,,ERM.2022005789,158,INSCRITO,30,40000,,AREQUIPA,,
74,29159,2766,FUERZA CALLAO SEGURO,4,REGIONAL,1657,CALLAO,https://mpesije.jne.gob.pe/docs/3832970a-f349-4b3f-8aba-b83601c4bd57.pdf,https://mpesije.jne.gob.pe/docs/59f459bb-9167-430c-9e6f-b40b25fd539d.pdf,,ERM.2022015742,158,INSCRITO,20,240000,,CALLAO,,
75,21485,1366,FUERZA POPULAR,4,REGIONAL,1688,ICA,https://mpesije.jne.gob.pe/docs/967b5cfc-515b-4680-97c8-399d79a78778.pdf,https://mpesije.jne.gob.pe/docs/d7ee10ff-4a9b-490c-b6ad-387cf801bda0.pdf,,ERM.2022016676,158,INSCRITO,24,100000,,ICA,,
76,18852,1366,FUERZA POPULAR,4,REGIONAL,1707,MAYNAS,https://mpesije.jne.gob.pe/docs/c89be9f1-41e8-42b5-8f8e-9c1c4a1a775f.pdf,https://mpesije.jne.gob.pe/docs/f89b0366-d58e-4f7c-99db-730c82f02dd3.pdf,,ERM.2022013564,158,INSCRITO,34,150000,,LORETO,,
77,21791,1366,FUERZA POPULAR,4,REGIONAL,1709,MOYOBAMBA,https://mpesije.jne.gob.pe/docs/261dbc0e-8c18-44a3-8f5e-58d96f6d22b4.pdf,https://mpesije.jne.gob.pe/docs/d5b30d13-7783-471e-87bf-ae39ad751ac3.pdf,,ERM.2022016184,158,INSCRITO,32,210000,,SAN MARTIN,,
78,18962,1366,FUERZA POPULAR,4,REGIONAL,1715,PIURA,https://mpesije.jne.gob.pe/docs/230594bf-05b5-42ca-ba18-f4fddc22903e.pdf,https://mpesije.jne.gob.pe/docs/0b3f2a16-6c67-42f4-8197-2c1318705b8e.pdf,,ERM.2022017457,158,INSCRITO,24,190000,,PIURA,,
79,28518,1366,FUERZA POPULAR,4,REGIONAL,1657,CALLAO,https://mpesije.jne.gob.pe/docs/085481ac-577d-475b-99d5-f3a16ca028c3.pdf,https://mpesije.jne.gob.pe/docs/bf4dfc4b-407d-446f-afe7-4e45269a94c8.pdf,,ERM.2022008485,158,INSCRITO,20,240000,,CALLAO,,
80,19983,1366,FUERZA POPULAR,4,REGIONAL,1733,TRUJILLO,https://mpesije.jne.gob.pe/docs/ecfbf0b6-40ac-4457-a801-66ee843f48b1.pdf,https://mpesije.jne.gob.pe/docs/570212ff-f80d-451e-8ab5-aac4a63588a3.pdf,,ERM.2022008049,158,INSCRITO,36,120000,,LA LIBERTAD,,
81,21888,1366,FUERZA POPULAR,4,REGIONAL,1682,HUARAZ,https://mpesije.jne.gob.pe/docs/31605971-43e8-49d1-9962-09063a6962df.pdf,https://mpesije.jne.gob.pe/docs/a7884a17-2cf7-4f46-a6fe-ca5f7b05cd07.pdf,,ERM.2022017756,158,INSCRITO,52,20000,,ANCASH,,
82,25212,1366,FUERZA POPULAR,4,REGIONAL,1680,HUANUCO,https://mpesije.jne.gob.pe/docs/7a00f9e0-b728-4e14-8cb7-66f941709f81.pdf,https://mpesije.jne.gob.pe/docs/98951bd7-006e-4803-8fcf-4eabe2c9065e.pdf,,ERM.2022014988,158,INSCRITO,42,90000,,HUANUCO,,
83,18589,1366,FUERZA POPULAR,4,REGIONAL,1664,CHACHAPOYAS,https://mpesije.jne.gob.pe/docs/da22dec3-b4d3-4066-8c7b-d7fe33cc0341.pdf,https://mpesije.jne.gob.pe/docs/5c3082b0-3749-4aa4-9b61-4b81dcc34438.pdf,,ERM.2022018065,158,INSCRITO,22,10000,,AMAZONAS,,
84,27129,1366,FUERZA POPULAR,4,REGIONAL,1666,CHICLAYO,https://mpesije.jne.gob.pe/docs/d5c3e443-fe29-4c26-a60b-c52e31f83f4a.pdf,https://mpesije.jne.gob.pe/docs/6dc4e17b-abf0-468d-8759-058eec305e0b.pdf,,ERM.2022017291,158,INSCRITO,22,130000,,LAMBAYEQUE,,
85,20576,1366,FUERZA POPULAR,4,REGIONAL,1734,TUMBES,https://mpesije.jne.gob.pe/docs/6d574e0c-9354-4630-a031-d1eac4a621cd.pdf,https://mpesije.jne.gob.pe/docs/04eb587b-9063-4d16-ad66-2b63fb6685a0.pdf,,ERM.2022013126,158,INSCRITO,16,230000,,TUMBES,,
86,29253,2667,GESTIONANDO OBRAS Y OPORTUNIDADES CON LIDERAZGO,4,REGIONAL,1718,PUNO,https://mpesije.jne.gob.pe/docs/5e8a9b8f-07d6-48cd-9cf4-daf468380210.pdf,https://mpesije.jne.gob.pe/docs/82efd6f0-2d27-4fd2-9c1a-777efa5ed2d6.pdf,,ERM.2022017210,158,INSCRITO,40,200000,,PUNO,,
87,29399,2886,HATARIY APURIMAC,4,REGIONAL,1646,ABANCAY,https://mpesije.jne.gob.pe/docs/44c6a6d5-7aa5-4583-bc13-6645f06fba11.pdf,https://mpesije.jne.gob.pe/docs/25e78fab-da2f-4f2b-a888-717cec6c674b.pdf,,ERM.2022009787,158,INSCRITO,24,30000,,APURIMAC,,
88,29511,2234,IDENTIDAD REGIONAL,4,REGIONAL,1718,PUNO,https://mpesije.jne.gob.pe/docs/d8b4f0ae-f467-4bb7-aff9-d7c1e10d2270.pdf,https://mpesije.jne.gob.pe/docs/5de3a6ef-c0ef-4cd6-ad13-ed73d2e8d390.pdf,,ERM.2022013197,152,IMPROCEDENTE,40,200000,,PUNO,,
89,18824,1403,IGUALDAD NACIONAL CRISTIANA AUTONOMA - INCA,4,REGIONAL,1729,TACNA,https://mpesije.jne.gob.pe/docs/8af0ce2c-74ca-494b-96ca-d99624c83fb5.pdf,https://mpesije.jne.gob.pe/docs/a3e32997-b9d7-4c0c-984d-5a3ac7871a2f.pdf,,ERM.2022017997,158,INSCRITO,22,220000,,TACNA,,
90,26436,2716,JUNIN RENACE,4,REGIONAL,1679,HUANCAYO,https://mpesije.jne.gob.pe/docs/40be0117-08ec-4857-b65f-c9c3ffb470a2.pdf,https://mpesije.jne.gob.pe/docs/c0934de4-dc01-4121-888e-d9cd963df195.pdf,,ERM.2022013249,158,INSCRITO,28,110000,,JUNIN,,
91,29174,303,JUNIN SOSTENIBLE CON SU GENTE,4,REGIONAL,1679,HUANCAYO,https://mpesije.jne.gob.pe/docs/186a7453-dd59-4887-a83a-7d0dd892dfe1.pdf,https://mpesije.jne.gob.pe/docs/a717a61d-ed6c-4db3-982d-e460226682e7.pdf,,ERM.2022014760,158,INSCRITO,28,110000,,JUNIN,,
92,25987,2257,JUNTOS POR EL DESARROLLO DE AREQUIPA,4,REGIONAL,1650,AREQUIPA,https://mpesije.jne.gob.pe/docs/553713fb-f8d5-4045-96aa-440e0e31ba9d.pdf,https://mpesije.jne.gob.pe/docs/c7b923bf-c04e-45df-baf9-871e9c14d3fa.pdf,,ERM.2022009457,158,INSCRITO,30,40000,,AREQUIPA,,
93,19743,1264,JUNTOS POR EL PERU,4,REGIONAL,1666,CHICLAYO,https://mpesije.jne.gob.pe/docs/22d5a130-4da8-4571-9693-1ba0990d05ef.pdf,https://mpesije.jne.gob.pe/docs/79331dae-7f7d-4ec7-8f22-cad8f40e0ee2.pdf,,ERM.2022015750,158,INSCRITO,22,130000,,LAMBAYEQUE,,
94,18347,1264,JUNTOS POR EL PERU,4,REGIONAL,1670,CORONEL PORTILLO,https://mpesije.jne.gob.pe/docs/805c923f-f6a7-46c0-ba7b-6776dc7a9c31.pdf,https://mpesije.jne.gob.pe/docs/b6fb3a6b-ed46-46fc-91dd-796444864d68.pdf,,ERM.2022018159,152,IMPROCEDENTE,24,250000,,UCAYALI,,
95,20253,1264,JUNTOS POR EL PERU,4,REGIONAL,1734,TUMBES,https://mpesije.jne.gob.pe/docs/4ca09364-37dc-4282-ad9c-1c2b3bdfbc2e.pdf,https://mpesije.jne.gob.pe/docs/1506b575-7d24-4eb8-83cf-94b5e7177d7e.pdf,,ERM.2022015716,152,IMPROCEDENTE,16,230000,,TUMBES,,
96,28830,1264,JUNTOS POR EL PERU,4,REGIONAL,1671,CUSCO,https://mpesije.jne.gob.pe/docs/9d3f3caf-3c25-4bb9-b4a7-e8debe780a1a.pdf,https://mpesije.jne.gob.pe/docs/73697a37-3bdc-4b4b-be86-46f2a4e3d528.pdf,,ERM.2022016983,158,INSCRITO,46,70000,,CUSCO,,
97,25311,1264,JUNTOS POR EL PERU,4,REGIONAL,1682,HUARAZ,https://mpesije.jne.gob.pe/docs/405b0f81-23e2-4c65-aa3a-bea53c078e57.pdf,https://mpesije.jne.gob.pe/docs/25665d83-d5f2-405d-862b-2fc88037f76f.pdf,,ERM.2022014932,158,INSCRITO,52,20000,,ANCASH,,
98,20190,1264,JUNTOS POR EL PERU,4,REGIONAL,1705,MARISCAL NIETO,https://mpesije.jne.gob.pe/docs/3335a8ae-336d-4f05-8c73-37bf1d062546.pdf,https://mpesije.jne.gob.pe/docs/c0f2ee98-b368-4382-81dd-ceed3ec52710.pdf,,ERM.2022017033,158,INSCRITO,22,170000,,MOQUEGUA,,
99,19370,1264,JUNTOS POR EL PERU,4,REGIONAL,1664,CHACHAPOYAS,https://mpesije.jne.gob.pe/docs/3d9bee89-d325-4abe-9608-b599d125a449.pdf,https://mpesije.jne.gob.pe/docs/2e47d459-18b7-44b1-9844-8b38bf6f679e.pdf,,ERM.2022016864,158,INSCRITO,22,10000,,AMAZONAS,,
100,23893,1264,JUNTOS POR EL PERU,4,REGIONAL,1657,CALLAO,https://mpesije.jne.gob.pe/docs/65bbef24-adcb-4dd6-832e-b0df24b3c3e8.pdf,https://mpesije.jne.gob.pe/docs/911b5dc3-f03c-4953-a680-24d1f8b02db4.pdf,,ERM.2022017789,158,INSCRITO,20,240000,,CALLAO,,
101,20433,1264,JUNTOS POR EL PERU,4,REGIONAL,1650,AREQUIPA,https://mpesije.jne.gob.pe/docs/dba52ece-8b76-4a22-8d8c-40b1e3c67e87.pdf,https://mpesije.jne.gob.pe/docs/a8826729-aec6-4451-b324-d237929937f4.pdf,,ERM.2022016652,158,INSCRITO,30,40000,,AREQUIPA,,
102,18347,1264,JUNTOS POR EL PERU,4,REGIONAL,1670,CORONEL PORTILLO,https://mpesije.jne.gob.pe/docs/805c923f-f6a7-46c0-ba7b-6776dc7a9c31.pdf,https://mpesije.jne.gob.pe/docs/b6fb3a6b-ed46-46fc-91dd-796444864d68.pdf,,ERM.2022018162,152,IMPROCEDENTE,24,250000,,UCAYALI,,
103,27355,2871,JUNTOS POR LORETO,4,REGIONAL,1707,MAYNAS,https://mpesije.jne.gob.pe/docs/01df1229-023a-4b82-8b82-ed04882f0130.pdf,https://mpesije.jne.gob.pe/docs/20954764-03cc-41e4-a09e-caea51d3ab2a.pdf,,ERM.2022011253,158,INSCRITO,34,150000,,LORETO,,
104,22246,2381,KAUSACHUN,4,REGIONAL,1705,MARISCAL NIETO,https://mpesije.jne.gob.pe/docs/d300f3a1-a2f7-4c90-8177-5cbd18ed6976.pdf,https://mpesije.jne.gob.pe/docs/2d3ac06e-eb9f-4e84-8d9b-292f9f585655.pdf,,ERM.2022007932,158,INSCRITO,22,170000,,MOQUEGUA,,
105,27086,2873,LORETO PARA TODOS,4,REGIONAL,1707,MAYNAS,https://mpesije.jne.gob.pe/docs/be8246a4-0c66-4d34-bf56-07ab32167e86.pdf,https://mpesije.jne.gob.pe/docs/3f78a90b-729f-4930-bba1-6888f3ff59db.pdf,,ERM.2022009689,158,INSCRITO,34,150000,,LORETO,,
106,28532,2907,MISION ORGANIZADA VIA INTEGRIDAD Y LIBERTAD,4,REGIONAL,1707,MAYNAS,https://mpesije.jne.gob.pe/docs/0b09f3bf-e7a3-4155-93ed-98e74d9cf201.pdf,https://mpesije.jne.gob.pe/docs/5da08210-24a1-441d-a4ef-96d67a0be9ce.pdf,,ERM.2022036856,158,INSCRITO,34,150000,,LORETO,,
107,26949,292,MORAL Y DESARROLLO,4,REGIONAL,1718,PUNO,https://mpesije.jne.gob.pe/docs/d023976c-d84c-4330-8064-55f9261771e9.pdf,https://mpesije.jne.gob.pe/docs/65d7adf6-f934-4be7-addb-eb16de1683db.pdf,,ERM.2022015696,158,INSCRITO,40,200000,,PUNO,,
108,17344,2432,MOVIMENTO INDEPENDIENTE REGIONAL FUERZA TACNA,4,REGIONAL,1729,TACNA,https://mpesije.jne.gob.pe/docs/a6401512-35e9-4dbc-8d84-3a698ad870fd.pdf,https://mpesije.jne.gob.pe/docs/12abc12e-add0-45bb-8336-9af639c3ce3e.pdf,,ERM.2022007963,158,INSCRITO,22,220000,,TACNA,,
109,28335,360,MOVIMIENTO ACCION NACIONALISTA PERUANO,4,REGIONAL,1682,HUARAZ,https://mpesije.jne.gob.pe/docs/eed306c9-fd90-44f0-bfae-1ab426d0593b.pdf,https://mpesije.jne.gob.pe/docs/c17e0039-232d-4686-9e8d-4bad5f9021c9.pdf,,ERM.2022011801,158,INSCRITO,52,20000,,ANCASH,,
110,28904,2351,MOVIMIENTO CIVICO PERUANO,4,REGIONAL,1729,TACNA,https://mpesije.jne.gob.pe/docs/7e873ca7-5708-4d66-ab48-6b2259aec54f.pdf,https://mpesije.jne.gob.pe/docs/cf95bccc-ff8b-40b5-b854-c7982e1c6c80.pdf,,ERM.2022010132,158,INSCRITO,22,220000,,TACNA,,
111,24482,2647,MOVIMIENTO DE INCLUSION REGIONAL,4,REGIONAL,1734,TUMBES,https://mpesije.jne.gob.pe/docs/2cf391ca-3be3-43af-8738-85e1426a3caf.pdf,https://mpesije.jne.gob.pe/docs/6e21327b-b72d-47a7-8d90-ded5be787544.pdf,,ERM.2022006753,158,INSCRITO,16,230000,,TUMBES,,
112,25305,2702,MOVIMIENTO DE INTEGRACION Y REVOLUCION ANDINA,4,REGIONAL,1718,PUNO,https://mpesije.jne.gob.pe/docs/311bcf33-45e3-4168-b9c7-f708b2d6dccb.pdf,https://mpesije.jne.gob.pe/docs/.pdf,,ERM.2022017946,158,INSCRITO,40,200000,,PUNO,,
113,23108,150,MOVIMIENTO ESPERANZA REGION AMAZONICA,4,REGIONAL,1707,MAYNAS,https://mpesije.jne.gob.pe/docs/5486b3f9-1f5d-47a4-9e9b-865cdb659810.pdf,https://mpesije.jne.gob.pe/docs/f2af66c3-f492-4ef4-9313-cdff21a74a41.pdf,,ERM.2022017720,158,INSCRITO,34,150000,,LORETO,,
114,26466,1441,MOVIMIENTO INDEPENDIENTE AMOR POR MADRE DE DIOS,4,REGIONAL,1730,TAMBOPATA,https://mpesije.jne.gob.pe/docs/608abdb2-d8fb-4926-88f6-0d04ccbf23fd.pdf,https://mpesije.jne.gob.pe/docs/11f18b0f-45a7-4f42-83fc-f1b84602667c.pdf,,ERM.2022015340,158,INSCRITO,22,160000,,MADRE DE DIOS,,
115,27360,1388,MOVIMIENTO INDEPENDIENTE FUERZA REGIONAL,4,REGIONAL,1715,PIURA,https://mpesije.jne.gob.pe/docs/1fe9f261-a7b8-4b62-98ff-e4f7778c9074.pdf,https://mpesije.jne.gob.pe/docs/2d87ca77-309d-4c70-95f0-64f045043331.pdf,,ERM.2022014605,158,INSCRITO,24,190000,,PIURA,,
116,23608,315,MOVIMIENTO INDEPENDIENTE LORETO - MI LORETO,4,REGIONAL,1707,MAYNAS,https://mpesije.jne.gob.pe/docs/31f2f867-0001-4870-bbb5-02d544573388.pdf,https://mpesije.jne.gob.pe/docs/b86db0a5-7efe-45d3-a006-4e11e64554f5.pdf,,ERM.2022015748,158,INSCRITO,34,150000,,LORETO,,
117,27526,2333,MOVIMIENTO INDEPENDIENTE POLITICO VOLUNTAD GENERAL AMAZONICA - VOGA ,4,REGIONAL,1707,MAYNAS,https://mpesije.jne.gob.pe/docs/d7e06e7d-e75a-469b-9035-32cbbde3fd44.pdf,https://mpesije.jne.gob.pe/docs/0a88537f-33c2-419f-92b4-35747eb7548a.pdf,,ERM.2022017711,158,INSCRITO,34,150000,,LORETO,,
118,24047,2278,MOVIMIENTO INDEPENDIENTE REGIONAL CAMBIO UCAYALINO,4,REGIONAL,1670,CORONEL PORTILLO,https://mpesije.jne.gob.pe/docs/24107cac-89f2-4044-ac7b-fce095f1b856.pdf,https://mpesije.jne.gob.pe/docs/08f3fe82-99bc-4a47-8ac6-a73382f85296.pdf,,ERM.2022009016,158,INSCRITO,24,250000,,UCAYALI,,
119,24013,2162,MOVIMIENTO INDEPENDIENTE REGIONAL HUANUCO PRIMERO,4,REGIONAL,1680,HUANUCO,https://mpesije.jne.gob.pe/docs/aa9c91bd-c93c-46e5-bdc5-edbf0b7761b2.pdf,https://mpesije.jne.gob.pe/docs/6fef3125-de54-4f93-bb55-f4e69b9ff396.pdf,,ERM.2022010062,158,INSCRITO,42,90000,,HUANUCO,,
120,27666,2730,MOVIMIENTO INDEPENDIENTE REGIONAL MI BUEN VECINO,4,REGIONAL,1680,HUANUCO,https://mpesije.jne.gob.pe/docs/16b58a1c-cabe-4971-8ecf-a9cd753634f0.pdf,https://mpesije.jne.gob.pe/docs/30dad7a1-5583-472d-a28d-09b9d780059d.pdf,,ERM.2022013883,158,INSCRITO,42,90000,,HUANUCO,,
121,26801,2916,MOVIMIENTO INDEPENDIENTE REGIONAL: MOVIMIENTO AMPLIO Y  SOLIDARIO: SOMOS MAS,4,REGIONAL,1705,MARISCAL NIETO,https://mpesije.jne.gob.pe/docs/ae080f83-2f23-474e-be8d-07aaed916699.pdf,https://mpesije.jne.gob.pe/docs/f5c530f2-a113-4634-92a9-ddb1260f1876.pdf,,ERM.2022018122,152,IMPROCEDENTE,22,170000,,MOQUEGUA,,
122,22181,2874,MOVIMIENTO INDEPENDIENTE REIVINDIQUEMOS LORETO,4,REGIONAL,1707,MAYNAS,https://mpesije.jne.gob.pe/docs/28430702-ccd4-4e01-89a6-97718e9e567e.pdf,https://mpesije.jne.gob.pe/docs/f4880c22-81c9-4010-b2ab-cedacb544825.pdf,,ERM.2022012750,158,INSCRITO,34,150000,,LORETO,,
123,28180,2733,MOVIMIENTO POLITICO CAMBIEMOS X HCO,4,REGIONAL,1680,HUANUCO,https://mpesije.jne.gob.pe/docs/137b7d21-864f-4493-ad75-6b5847cde9fd.pdf,https://mpesije.jne.gob.pe/docs/1acccab2-eff8-4a4b-b12a-05663149f138.pdf,,ERM.2022018144,158,INSCRITO,42,90000,,HUANUCO,,
124,25262,2754,MOVIMIENTO POLITICO REGIONAL DIGNIDAD TUMBESINA,4,REGIONAL,1734,TUMBES,https://mpesije.jne.gob.pe/docs/46d86aa1-5274-4dc0-97a5-ca8f6be5f8ab.pdf,https://mpesije.jne.gob.pe/docs/c64f512a-3646-495b-b477-5d21b42b21b7.pdf,,ERM.2022017988,158,INSCRITO,16,230000,,TUMBES,,
125,25262,2754,MOVIMIENTO POLITICO REGIONAL DIGNIDAD TUMBESINA,4,REGIONAL,1734,TUMBES,https://mpesije.jne.gob.pe/docs/46d86aa1-5274-4dc0-97a5-ca8f6be5f8ab.pdf,https://mpesije.jne.gob.pe/docs/c64f512a-3646-495b-b477-5d21b42b21b7.pdf,,ERM.2022017726,152,IMPROCEDENTE,16,230000,,TUMBES,,
126,27330,2229,MOVIMIENTO POLITICO REGIONAL ENERGIA COMUNAL AMAZONICA,4,REGIONAL,1664,CHACHAPOYAS,https://mpesije.jne.gob.pe/docs/ef2861ba-499d-4d93-be86-ca0113692982.pdf,https://mpesije.jne.gob.pe/docs/c49bd6ca-4082-4200-9cf7-1501925e6926.pdf,,ERM.2022013527,158,INSCRITO,22,10000,,AMAZONAS,,
127,26939,2681,MOVIMIENTO REGIONAL AGUA,4,REGIONAL,1678,HUANCAVELICA,https://mpesije.jne.gob.pe/docs/3b448738-84a1-4180-aba8-917367c9567a.pdf,https://mpesije.jne.gob.pe/docs/0646bc8e-96dc-4d78-a38b-247fd36b6360.pdf,,ERM.2022011304,158,INSCRITO,24,80000,,HUANCAVELICA,,
128,26914,2861,MOVIMIENTO REGIONAL AGUA,4,REGIONAL,1676,HUAMANGA,https://mpesije.jne.gob.pe/docs/bf28868a-8be4-43da-a412-1d354000dc61.pdf,https://mpesije.jne.gob.pe/docs/da6e9873-b41b-4e96-a35a-6306d8787170.pdf,,ERM.2022011077,158,INSCRITO,36,50000,,AYACUCHO,,
129,28366,40,MOVIMIENTO REGIONAL AMAZONENSE UNIDOS AL CAMPO,4,REGIONAL,1664,CHACHAPOYAS,https://mpesije.jne.gob.pe/docs/403c7ee3-b84c-485f-b055-5531cbd01f1f.pdf,https://mpesije.jne.gob.pe/docs/fcf4a4cb-12a5-4dc4-8873-375407b533e5.pdf,,ERM.2022012316,158,INSCRITO,22,10000,,AMAZONAS,,
130,27446,2307,MOVIMIENTO REGIONAL AREQUIPA AVANCEMOS,4,REGIONAL,1650,AREQUIPA,https://mpesije.jne.gob.pe/docs/09228093-3af9-49ab-970c-be048b5d1627.pdf,https://mpesije.jne.gob.pe/docs/c46fe211-9ea5-4a76-a2e4-a5b9097b5279.pdf,,ERM.2022014063,158,INSCRITO,30,40000,,AREQUIPA,,
131,24656,136,MOVIMIENTO REGIONAL AYNI,4,REGIONAL,1678,HUANCAVELICA,https://mpesije.jne.gob.pe/docs/a17e347f-1df6-420b-b89c-617ff238b82e.pdf,https://mpesije.jne.gob.pe/docs/3cbf2f86-ecbe-4bc1-9c01-aea795f1a6d2.pdf,,ERM.2022007744,158,INSCRITO,24,80000,,HUANCAVELICA,,
132,27659,2169,MOVIMIENTO REGIONAL BLOQUE POPULAR JUNIN,4,REGIONAL,1679,HUANCAYO,https://mpesije.jne.gob.pe/docs/f2b9402e-4a98-4254-9e1b-e8c36165b1a7.pdf,https://mpesije.jne.gob.pe/docs/6b5274de-1df7-4f50-bf3d-9a5961d5752a.pdf,,ERM.2022027761,158,INSCRITO,28,110000,,JUNIN,,
133,27398,1442,MOVIMIENTO REGIONAL CONSTRUYENDO,4,REGIONAL,1666,CHICLAYO,https://mpesije.jne.gob.pe/docs/fa01490d-afb2-4dc0-a68d-fe3e51562c6e.pdf,https://mpesije.jne.gob.pe/docs/e67214de-4b5f-4e82-8b10-1294dc722ef6.pdf,,ERM.2022010859,158,INSCRITO,22,130000,,LAMBAYEQUE,,
134,29404,2245,MOVIMIENTO REGIONAL EL MAICITO,4,REGIONAL,1682,HUARAZ,https://mpesije.jne.gob.pe/docs/34d1c701-b269-44e7-af7e-b1be3e0aef98.pdf,https://mpesije.jne.gob.pe/docs/143ab624-12aa-4552-a6c9-fa3ac618670e.pdf,,ERM.2022014371,158,INSCRITO,52,20000,,ANCASH,,
135,27511,2738,MOVIMIENTO REGIONAL FORTALEZA PERU,4,REGIONAL,1733,TRUJILLO,https://mpesije.jne.gob.pe/docs/0c2afe94-389a-4636-8b92-aee6fb8c3560.pdf,https://mpesije.jne.gob.pe/docs/efc2c6cf-ce41-419d-b8ab-4905122f07ac.pdf,,ERM.2022010393,158,INSCRITO,36,120000,,LA LIBERTAD,,
136,22711,2300,MOVIMIENTO REGIONAL FUERZA POR MADRE DE DIOS - MR FMDD,4,REGIONAL,1730,TAMBOPATA,https://mpesije.jne.gob.pe/docs/f91bd98f-447d-486c-9241-2a20b465e71d.pdf,https://mpesije.jne.gob.pe/docs/a27d020d-d7cf-4de0-b971-84d934616fbf.pdf,,ERM.2022008148,158,INSCRITO,22,160000,,MADRE DE DIOS,,
137,26878,2694,MOVIMIENTO REGIONAL GANA AYACUCHO,4,REGIONAL,1676,HUAMANGA,https://mpesije.jne.gob.pe/docs/ac4b569f-c83e-4546-a34e-0149808aadce.pdf,https://mpesije.jne.gob.pe/docs/105a6bf2-0cf5-455a-b0e0-ff629b9b2e5b.pdf,,ERM.2022017512,158,INSCRITO,36,50000,,AYACUCHO,,
138,28719,2368,MOVIMIENTO REGIONAL INKA PACHAKUTEQ,4,REGIONAL,1671,CUSCO,https://mpesije.jne.gob.pe/docs/056c1511-7306-499b-9144-cb20d6f0867d.pdf,https://mpesije.jne.gob.pe/docs/b7c38219-166d-49f0-8972-24a739678aac.pdf,,ERM.2022018112,158,INSCRITO,46,70000,,CUSCO,,
139,27502,2753,MOVIMIENTO REGIONAL JUVENTUD PASQUEÑA,4,REGIONAL,1713,PASCO,https://mpesije.jne.gob.pe/docs/3b1e7c4b-c304-4465-94d6-09d62f1661d9.pdf,https://mpesije.jne.gob.pe/docs/b0fa7e22-006d-4ada-a4b1-0d4f0a2d346f.pdf,,ERM.2022006676,158,INSCRITO,24,180000,,PASCO,,
140,28925,2676,MOVIMIENTO REGIONAL MAS CALLAO,4,REGIONAL,1657,CALLAO,https://mpesije.jne.gob.pe/docs/f432e65c-f71c-4cdd-b307-c879ac430fa8.pdf,https://mpesije.jne.gob.pe/docs/ea6dd461-c31e-499e-8cad-0a845f8362d0.pdf,,ERM.2022010712,158,INSCRITO,20,240000,,CALLAO,,
141,19716,2918,MOVIMIENTO REGIONAL MOQUEGUA AVANZA SEGURA,4,REGIONAL,1705,MARISCAL NIETO,https://mpesije.jne.gob.pe/docs/70152e59-98eb-4ac9-a44c-3d6f26f433a0.pdf,https://mpesije.jne.gob.pe/docs/68e6f8ec-1c06-4081-9a97-f75973571e41.pdf,,ERM.2022009668,152,IMPROCEDENTE,22,170000,,MOQUEGUA,,
142,26480,2244,MOVIMIENTO REGIONAL OBRAS POR LA MODERNIDAD,4,REGIONAL,1688,ICA,https://mpesije.jne.gob.pe/docs/3cad0a84-aa7c-4967-9158-f1a1ee4dbb90.pdf,https://mpesije.jne.gob.pe/docs/d5138ee1-2df2-46fa-abdf-2da0a58da4bd.pdf,,ERM.2022007704,158,INSCRITO,24,100000,,ICA,,
143,28972,2719,MOVIMIENTO REGIONAL REVALORA,4,REGIONAL,1650,AREQUIPA,https://mpesije.jne.gob.pe/docs/7f7f1608-e1c7-44e8-8bd9-061e76b939b4.pdf,https://mpesije.jne.gob.pe/docs/1ec686d7-b6e2-4245-8990-7cfa6ca134c2.pdf,,ERM.2022011362,158,INSCRITO,30,40000,,AREQUIPA,,
144,26854,2680,MOVIMIENTO REGIONAL SIERRA Y SELVA CONTIGO JUNIN,4,REGIONAL,1679,HUANCAYO,https://mpesije.jne.gob.pe/docs/c181053a-5e6b-4c7f-88e7-49ff5b315229.pdf,https://mpesije.jne.gob.pe/docs/9a97fbf9-24ad-43bc-9242-ec5502955899.pdf,,ERM.2022007782,158,INSCRITO,28,110000,,JUNIN,,
145,28105,2888,MOVIMIENTO REGIONAL SOMOS MAS,4,REGIONAL,1705,MARISCAL NIETO,https://mpesije.jne.gob.pe/docs/ac12c1e9-37ec-4022-810c-3d342a0cb827.pdf,https://mpesije.jne.gob.pe/docs/698e44cd-2bca-4cd8-afde-06f06e9da6ec.pdf,,ERM.2022015493,158,INSCRITO,22,170000,,MOQUEGUA,,
146,25476,2306,MOVIMIENTO REGIONAL UNIDAD CIVICA LIMA,4,REGIONAL,1685,HUAURA,https://mpesije.jne.gob.pe/docs/f3622251-01a3-4a90-a884-af497d8d70d8.pdf,https://mpesije.jne.gob.pe/docs/b27f62e7-a86c-46c4-9867-ebbd092b4163.pdf,,ERM.2022013687,158,INSCRITO,28,140000,,LIMA,,
147,27830,2880,MOVIMIENTO REGIONAL VIVA EL CALLAO,4,REGIONAL,1657,CALLAO,https://mpesije.jne.gob.pe/docs/27eadaa8-d290-456c-92a8-6fa544dcd923.pdf,https://mpesije.jne.gob.pe/docs/8192e273-167b-47ea-9cdb-07d59f7f1166.pdf,,ERM.2022013074,158,INSCRITO,20,240000,,CALLAO,,
148,25093,2706,MOVIMIENTO REGIONAL WARI LLAQTA,4,REGIONAL,1676,HUAMANGA,https://mpesije.jne.gob.pe/docs/a6e960d2-34c8-4761-a0a2-ff8745099073.pdf,https://mpesije.jne.gob.pe/docs/6c04138f-f540-42f2-b5b4-6a0147911d66.pdf,,ERM.2022009549,158,INSCRITO,36,50000,,AYACUCHO,,
149,27626,2910,MOVIMIENTO VERDE DE UCAYALI,4,REGIONAL,1670,CORONEL PORTILLO,https://mpesije.jne.gob.pe/docs/63684f3a-6ee9-46a5-bee9-06701a789b80.pdf,https://mpesije.jne.gob.pe/docs/5a43097e-4771-4b67-9b02-cd49f53b4f17.pdf,,ERM.2022015512,152,IMPROCEDENTE,24,250000,,UCAYALI,,
150,24628,2343,MOVIMIENTO VERDE UNIDO,4,REGIONAL,1666,CHICLAYO,https://mpesije.jne.gob.pe/docs/4a5b6b7b-28fe-4337-bb77-355f1425c9b8.pdf,https://mpesije.jne.gob.pe/docs/1a91c22e-b7b7-42c7-9801-0b982770e328.pdf,,ERM.2022017714,152,IMPROCEDENTE,22,130000,,LAMBAYEQUE,,
151,17147,2497,NUESTRO ILO - MOQUEGUA - SANCHEZ CERRO,4,REGIONAL,1705,MARISCAL NIETO,https://mpesije.jne.gob.pe/docs/fcb52ae6-7b51-44b1-bd50-b890dbb340f0.pdf,https://mpesije.jne.gob.pe/docs/c808127a-4c5c-4277-989e-24cf1b011fac.pdf,,ERM.2022009990,158,INSCRITO,22,170000,,MOQUEGUA,,
152,26727,51,NUEVA AMAZONIA,4,REGIONAL,1709,MOYOBAMBA,https://mpesije.jne.gob.pe/docs/cd9fc59b-40a0-4f0f-b296-ad8eb35588f6.pdf,https://mpesije.jne.gob.pe/docs/9f502a6d-8c94-4c80-9dbb-5da1213c547e.pdf,,ERM.2022007687,158,INSCRITO,32,210000,,SAN MARTIN,,
153,27334,2232,NUEVA LIBERTAD,4,REGIONAL,1733,TRUJILLO,https://mpesije.jne.gob.pe/docs/2e06852e-5c9d-4b90-b070-69d59e96bee5.pdf,https://mpesije.jne.gob.pe/docs/b6e353f1-1d91-4d94-98d5-d1636576d68f.pdf,,ERM.2022009427,158,INSCRITO,36,120000,,LA LIBERTAD,,
154,17935,2711,ORGANIZACION POLITICA UNIDAD REGIONAL,4,REGIONAL,1715,PIURA,https://mpesije.jne.gob.pe/docs/2c9a6591-fc89-4983-ba1f-aa625983389c.pdf,https://mpesije.jne.gob.pe/docs/6bbfa34f-a37d-4465-a4aa-1c59ed7a3e79.pdf,,ERM.2022008058,158,INSCRITO,24,190000,,PIURA,,
155,27139,2904,"PARA LA TRANSFORMACION, INTEGRACION Y ALIANZA-PATRIA",4,REGIONAL,1729,TACNA,https://mpesije.jne.gob.pe/docs/42e5fabc-2a4a-4f9d-b6a9-45b1d9dbecf8.pdf,https://mpesije.jne.gob.pe/docs/b0347a7c-e9aa-4e58-9bbe-75927e9ea472.pdf,,ERM.2022017426,152,IMPROCEDENTE,22,220000,,TACNA,,
156,28417,2895,PARTIDO DEMOCRATA VERDE,4,REGIONAL,1729,TACNA,https://mpesije.jne.gob.pe/docs/9ad0edfc-2f3b-4129-bde8-3ef0b9671c93.pdf,https://mpesije.jne.gob.pe/docs/b1651b25-0982-4f17-a32e-fff37b5f69c8.pdf,,ERM.2022014353,152,IMPROCEDENTE,22,220000,,TACNA,,
157,27569,2895,PARTIDO DEMOCRATA VERDE,4,REGIONAL,1733,TRUJILLO,https://mpesije.jne.gob.pe/docs/d88fd6c3-a85c-473a-a7b2-1c78fc83427b.pdf,https://mpesije.jne.gob.pe/docs/23f0bf0a-4fe6-4b29-8509-67ee04f2b789.pdf,,ERM.2022017365,152,IMPROCEDENTE,36,120000,,LA LIBERTAD,,
158,27568,2895,PARTIDO DEMOCRATA VERDE,4,REGIONAL,1657,CALLAO,https://mpesije.jne.gob.pe/docs/eb5157a4-4b97-4e47-a1c0-8a40364a925e.pdf,https://mpesije.jne.gob.pe/docs/563fa698-ba61-4059-9180-cbf42adb9c75.pdf,,ERM.2022009795,152,IMPROCEDENTE,20,240000,,CALLAO,,
159,28832,2895,PARTIDO DEMOCRATA VERDE,4,REGIONAL,1709,MOYOBAMBA,https://mpesije.jne.gob.pe/docs/88f64515-02a2-4d2a-a43e-ad82c10f0d7f.pdf,https://mpesije.jne.gob.pe/docs/9851aabf-30d5-4137-b19c-6671138ebf60.pdf,,ERM.2022014455,152,IMPROCEDENTE,32,210000,,SAN MARTIN,,
160,28198,14,PARTIDO DEMOCRATICO SOMOS PERU,4,REGIONAL,1733,TRUJILLO,https://mpesije.jne.gob.pe/docs/e9fb0752-9d2e-45b9-86d5-f55dabc186e6.pdf,https://mpesije.jne.gob.pe/docs/5f6a3e10-f4e8-417d-a8ba-69eb593f0b0d.pdf,,ERM.2022018098,158,INSCRITO,36,120000,,LA LIBERTAD,,
161,26102,14,PARTIDO DEMOCRATICO SOMOS PERU,4,REGIONAL,1730,TAMBOPATA,https://mpesije.jne.gob.pe/docs/aad4112d-0d2b-4a34-ac1e-cf2e75f12a22.pdf,https://mpesije.jne.gob.pe/docs/225fe262-9c5b-41e3-b6bd-b43da5f38121.pdf,,ERM.2022015219,158,INSCRITO,22,160000,,MADRE DE DIOS,,
162,21988,14,PARTIDO DEMOCRATICO SOMOS PERU,4,REGIONAL,1729,TACNA,https://mpesije.jne.gob.pe/docs/b32a7a47-125e-4ba0-85e2-0da7f5e624ab.pdf,https://mpesije.jne.gob.pe/docs/1546e37d-29a3-4bb2-a36f-3adb28f3d284.pdf,,ERM.2022009954,158,INSCRITO,22,220000,,TACNA,,
163,19694,14,PARTIDO DEMOCRATICO SOMOS PERU,4,REGIONAL,1715,PIURA,https://mpesije.jne.gob.pe/docs/5a9d5c5c-9e13-4b98-9ff1-be9d848ba4b6.pdf,https://mpesije.jne.gob.pe/docs/a9a72bde-8371-48cf-a175-6cfa8825c5d1.pdf,,ERM.2022009737,158,INSCRITO,24,190000,,PIURA,,
164,28045,14,PARTIDO DEMOCRATICO SOMOS PERU,4,REGIONAL,1713,PASCO,https://mpesije.jne.gob.pe/docs/f354792f-cf49-49dc-ba20-51d3809870e8.pdf,https://mpesije.jne.gob.pe/docs/9243ba26-5300-46ce-90e1-03189f638c87.pdf,,ERM.2022009790,158,INSCRITO,24,180000,,PASCO,,
165,18138,14,PARTIDO DEMOCRATICO SOMOS PERU,4,REGIONAL,1709,MOYOBAMBA,https://mpesije.jne.gob.pe/docs/375adeef-1b44-4d7a-ac1e-af20969c9005.pdf,https://mpesije.jne.gob.pe/docs/e99f2cba-27b3-422c-96db-c506ac15c5b5.pdf,,ERM.2022017540,158,INSCRITO,32,210000,,SAN MARTIN,,
166,20093,14,PARTIDO DEMOCRATICO SOMOS PERU,4,REGIONAL,1707,MAYNAS,https://mpesije.jne.gob.pe/docs/30fdf654-6104-4a29-9feb-bd82d2a4063e.pdf,https://mpesije.jne.gob.pe/docs/9eec7a8a-6d0a-48d9-b8ae-8f5f6ab9c714.pdf,,ERM.2022007152,158,INSCRITO,34,150000,,LORETO,,
167,23670,14,PARTIDO DEMOCRATICO SOMOS PERU,4,REGIONAL,1705,MARISCAL NIETO,https://mpesije.jne.gob.pe/docs/ac7cd8bd-59d2-4700-a353-953a93ab5302.pdf,https://mpesije.jne.gob.pe/docs/0089f823-efa8-4514-9e55-9344b3f1e798.pdf,,ERM.2022006721,158,INSCRITO,22,170000,,MOQUEGUA,,
168,20188,14,PARTIDO DEMOCRATICO SOMOS PERU,4,REGIONAL,1688,ICA,https://mpesije.jne.gob.pe/docs/e1298ba6-ff4d-4cfb-9b25-6afea18f30c1.pdf,https://mpesije.jne.gob.pe/docs/b868587d-9110-447c-8d36-e01ae7fbb802.pdf,,ERM.2022009321,158,INSCRITO,24,100000,,ICA,,
169,27794,14,PARTIDO DEMOCRATICO SOMOS PERU,4,REGIONAL,1685,HUAURA,https://mpesije.jne.gob.pe/docs/5b73fc31-e879-459a-9a5c-3ff8a5f3ff7c.pdf,https://mpesije.jne.gob.pe/docs/9edc7209-e196-4390-a5c6-919ee2f16644.pdf,,ERM.2022018059,158,INSCRITO,28,140000,,LIMA,,
170,22486,14,PARTIDO DEMOCRATICO SOMOS PERU,4,REGIONAL,1679,HUANCAYO,https://mpesije.jne.gob.pe/docs/5ed1c0be-7066-4151-ba26-5883d0f633ab.pdf,https://mpesije.jne.gob.pe/docs/0bedc2eb-4350-4a76-b9c2-41ccade38398.pdf,,ERM.2022009061,158,INSCRITO,28,110000,,JUNIN,,
171,25684,14,PARTIDO DEMOCRATICO SOMOS PERU,4,REGIONAL,1678,HUANCAVELICA,https://mpesije.jne.gob.pe/docs/33f0c10f-0822-49eb-b6d4-d4116f937f0d.pdf,https://mpesije.jne.gob.pe/docs/6e2c8c6b-e58c-44f9-900c-da28b6561b7f.pdf,,ERM.2022018061,158,INSCRITO,24,80000,,HUANCAVELICA,,
172,28525,14,PARTIDO DEMOCRATICO SOMOS PERU,4,REGIONAL,1676,HUAMANGA,https://mpesije.jne.gob.pe/docs/5527923a-2d5e-4d8e-9b01-3ebce5da216f.pdf,https://mpesije.jne.gob.pe/docs/4ab916fa-f86c-4ed2-8cbc-1d538639393c.pdf,,ERM.2022014134,158,INSCRITO,36,50000,,AYACUCHO,,
173,28646,14,PARTIDO DEMOCRATICO SOMOS PERU,4,REGIONAL,1671,CUSCO,https://mpesije.jne.gob.pe/docs/fc58206d-2e74-4f8f-b399-2916c1536596.pdf,https://mpesije.jne.gob.pe/docs/031a11ac-7145-488a-9441-2834a2c01685.pdf,,ERM.2022014587,158,INSCRITO,46,70000,,CUSCO,,
174,22401,14,PARTIDO DEMOCRATICO SOMOS PERU,4,REGIONAL,1670,CORONEL PORTILLO,https://mpesije.jne.gob.pe/docs/189d8cee-04ac-4681-9251-d9a667e15177.pdf,https://mpesije.jne.gob.pe/docs/4f034b5c-a404-48bf-ad1e-36ac5e08b057.pdf,,ERM.2022013940,158,INSCRITO,24,250000,,UCAYALI,,
175,21510,14,PARTIDO DEMOCRATICO SOMOS PERU,4,REGIONAL,1666,CHICLAYO,https://mpesije.jne.gob.pe/docs/e3e28c89-ffc5-4261-adfd-5737e4ef4306.pdf,https://mpesije.jne.gob.pe/docs/8db965a8-c88b-43f8-9a9c-0a8199865243.pdf,,ERM.2022010711,158,INSCRITO,22,130000,,LAMBAYEQUE,,
176,18499,14,PARTIDO DEMOCRATICO SOMOS PERU,4,REGIONAL,1657,CALLAO,https://mpesije.jne.gob.pe/docs/2d064b33-7d08-4901-ac8a-196de495aa54.pdf,https://mpesije.jne.gob.pe/docs/c5c25746-bd21-441b-98aa-c269ff7993ef.pdf,,ERM.2022007288,158,INSCRITO,20,240000,,CALLAO,,
177,18373,14,PARTIDO DEMOCRATICO SOMOS PERU,4,REGIONAL,1656,CAJAMARCA,https://mpesije.jne.gob.pe/docs/0324b4de-e4b2-41a8-ad6a-45354d79e001.pdf,https://mpesije.jne.gob.pe/docs/7a9af2e1-bc59-4a0d-b103-a6b008a1a1db.pdf,,ERM.2022008150,158,INSCRITO,40,60000,,CAJAMARCA,,
178,18229,14,PARTIDO DEMOCRATICO SOMOS PERU,4,REGIONAL,1650,AREQUIPA,https://mpesije.jne.gob.pe/docs/1837e6a6-f8b5-4c0d-a9c6-055df077ca6b.pdf,https://mpesije.jne.gob.pe/docs/b71610e7-cd39-4229-93d6-95db4dab5f96.pdf,,ERM.2022013498,158,INSCRITO,30,40000,,AREQUIPA,,
179,18346,14,PARTIDO DEMOCRATICO SOMOS PERU,4,REGIONAL,1734,TUMBES,https://mpesije.jne.gob.pe/docs/1fb9fa01-69c6-4c08-b1ef-d6b5978018ac.pdf,https://mpesije.jne.gob.pe/docs/75896292-5a76-497a-b179-82579cfec77e.pdf,,ERM.2022012005,158,INSCRITO,16,230000,,TUMBES,,
180,18637,2857,PARTIDO FRENTE DE LA ESPERANZA 2021,4,REGIONAL,1670,CORONEL PORTILLO,https://mpesije.jne.gob.pe/docs/9d92584e-d303-4f65-8308-d4d15cfc11ed.pdf,https://mpesije.jne.gob.pe/docs/a63b4171-08ba-488a-b6af-ad6d90104cae.pdf,,ERM.2022015088,158,INSCRITO,24,250000,,UCAYALI,,
181,24234,2857,PARTIDO FRENTE DE LA ESPERANZA 2021,4,REGIONAL,1718,PUNO,https://mpesije.jne.gob.pe/docs/5c81b296-2827-468c-a090-5e12b3750f0c.pdf,https://mpesije.jne.gob.pe/docs/6311e8eb-0468-4c4d-a890-9c942486738c.pdf,,ERM.2022015999,158,INSCRITO,40,200000,,PUNO,,
182,17111,2857,PARTIDO FRENTE DE LA ESPERANZA 2021,4,REGIONAL,1734,TUMBES,https://mpesije.jne.gob.pe/docs/c3db8864-99b7-4748-b25a-14288dd6284b.pdf,https://mpesije.jne.gob.pe/docs/76ddd0d5-bf06-484b-97b3-c4df5debd934.pdf,,ERM.2022012090,158,INSCRITO,16,230000,,TUMBES,,
183,20195,2857,PARTIDO FRENTE DE LA ESPERANZA 2021,4,REGIONAL,1650,AREQUIPA,https://mpesije.jne.gob.pe/docs/626555c8-1ab6-4599-b460-1c593297209b.pdf,https://mpesije.jne.gob.pe/docs/0040b0f5-f822-44bd-b2d0-4d21fc59620e.pdf,,ERM.2022010019,158,INSCRITO,30,40000,,AREQUIPA,,
184,28116,2857,PARTIDO FRENTE DE LA ESPERANZA 2021,4,REGIONAL,1680,HUANUCO,https://mpesije.jne.gob.pe/docs/45d0ceea-3a12-4e2b-81c3-e80d06e2c977.pdf,https://mpesije.jne.gob.pe/docs/2663d10e-04f0-4c8f-9f15-6f6d01ad4a5c.pdf,,ERM.2022010075,158,INSCRITO,42,90000,,HUANUCO,,
185,23332,2857,PARTIDO FRENTE DE LA ESPERANZA 2021,4,REGIONAL,1656,CAJAMARCA,https://mpesije.jne.gob.pe/docs/6c6b537e-a940-4281-9738-f92a22adb85f.pdf,https://mpesije.jne.gob.pe/docs/285ae37a-9ca0-40de-b2c1-41efc64f1261.pdf,,ERM.2022015538,158,INSCRITO,40,60000,,CAJAMARCA,,
186,17007,2857,PARTIDO FRENTE DE LA ESPERANZA 2021,4,REGIONAL,1729,TACNA,https://mpesije.jne.gob.pe/docs/e6a2f852-7144-4e5c-8a9d-427e9a1a2c58.pdf,https://mpesije.jne.gob.pe/docs/795f6a88-6f6e-415c-832a-ce1d22aff7fa.pdf,,ERM.2022016501,158,INSCRITO,22,220000,,TACNA,,
187,20338,2857,PARTIDO FRENTE DE LA ESPERANZA 2021,4,REGIONAL,1682,HUARAZ,https://mpesije.jne.gob.pe/docs/8378ead1-60eb-4270-a374-389e973da447.pdf,https://mpesije.jne.gob.pe/docs/d1ee7182-a1ca-41ee-b485-02a3275a37b1.pdf,,ERM.2022009507,158,INSCRITO,52,20000,,ANCASH,,
188,17448,2857,PARTIDO FRENTE DE LA ESPERANZA 2021,4,REGIONAL,1657,CALLAO,https://mpesije.jne.gob.pe/docs/08fa49f5-7cc4-4174-9fc6-791abf7e8686.pdf,https://mpesije.jne.gob.pe/docs/7e2b60f4-2abd-4db4-bf93-148c0b910ff1.pdf,,ERM.2022005876,158,INSCRITO,20,240000,,CALLAO,,
189,20212,2857,PARTIDO FRENTE DE LA ESPERANZA 2021,4,REGIONAL,1671,CUSCO,https://mpesije.jne.gob.pe/docs/e5d95895-cc44-41de-8af2-305b8b4e4c50.pdf,https://mpesije.jne.gob.pe/docs/121f7338-22b8-437a-9bc9-c737c56bceb0.pdf,,ERM.2022017732,158,INSCRITO,46,70000,,CUSCO,,
190,25806,2857,PARTIDO FRENTE DE LA ESPERANZA 2021,4,REGIONAL,1715,PIURA,https://mpesije.jne.gob.pe/docs/0f37f467-8e96-4095-8ae9-ba5f1d5a48e6.pdf,https://mpesije.jne.gob.pe/docs/53b48cfd-7e10-474d-9b30-90722f4f3c87.pdf,,ERM.2022017977,158,INSCRITO,24,190000,,PIURA,,
191,21592,2857,PARTIDO FRENTE DE LA ESPERANZA 2021,4,REGIONAL,1676,HUAMANGA,https://mpesije.jne.gob.pe/docs/a6aeb8f6-b0f7-42d5-80dd-160adfd8f791.pdf,https://mpesije.jne.gob.pe/docs/2d18f1ab-63b0-48f8-9914-7ccce7d150a7.pdf,,ERM.2022006993,158,INSCRITO,36,50000,,AYACUCHO,,
192,17655,2857,PARTIDO FRENTE DE LA ESPERANZA 2021,4,REGIONAL,1705,MARISCAL NIETO,https://mpesije.jne.gob.pe/docs/0236d396-b07b-46c4-92a1-ede68a567bea.pdf,https://mpesije.jne.gob.pe/docs/f777ed3a-a136-4ad5-9068-79a5581a4bda.pdf,,ERM.2022005800,158,INSCRITO,22,170000,,MOQUEGUA,,
193,25719,2857,PARTIDO FRENTE DE LA ESPERANZA 2021,4,REGIONAL,1679,HUANCAYO,https://mpesije.jne.gob.pe/docs/79c5d9f1-12af-4a09-b117-2def190282c8.pdf,https://mpesije.jne.gob.pe/docs/593f00f1-379b-41c1-b4d4-c316268e10c9.pdf,,ERM.2022014294,152,IMPROCEDENTE,28,110000,,JUNIN,,
194,18251,2857,PARTIDO FRENTE DE LA ESPERANZA 2021,4,REGIONAL,1713,PASCO,https://mpesije.jne.gob.pe/docs/f8390013-be6b-422f-bb52-b242dca61e1e.pdf,https://mpesije.jne.gob.pe/docs/5da5b554-b8a9-4af1-8482-48095a2d5553.pdf,,ERM.2022009893,158,INSCRITO,24,180000,,PASCO,,
195,17755,2857,PARTIDO FRENTE DE LA ESPERANZA 2021,4,REGIONAL,1646,ABANCAY,https://mpesije.jne.gob.pe/docs/e1d40af9-cd52-4023-8c53-ac2558c25c6e.pdf,https://mpesije.jne.gob.pe/docs/ef9cc893-f8ea-4d1a-a50e-1712039d2745.pdf,,ERM.2022005919,158,INSCRITO,24,30000,,APURIMAC,,
196,26579,2857,PARTIDO FRENTE DE LA ESPERANZA 2021,4,REGIONAL,1685,HUAURA,https://mpesije.jne.gob.pe/docs/e6148b98-a1cb-4230-b3b1-2066d7225c12.pdf,https://mpesije.jne.gob.pe/docs/e64eaf71-152c-4276-a961-cf226650282a.pdf,,ERM.2022007403,158,INSCRITO,28,140000,,LIMA,,
197,28662,2857,PARTIDO FRENTE DE LA ESPERANZA 2021,4,REGIONAL,1666,CHICLAYO,https://mpesije.jne.gob.pe/docs/60c98598-a9d8-4242-8844-125f2798f00e.pdf,https://mpesije.jne.gob.pe/docs/560d26a1-259e-4788-96e9-5ffdbeb86ca5.pdf,,ERM.2022010547,158,INSCRITO,22,130000,,LAMBAYEQUE,,
198,25501,2840,PARTIDO MORADO,4,REGIONAL,1657,CALLAO,https://mpesije.jne.gob.pe/docs/907674f2-a6bd-4a2b-acac-582cf5b27398.pdf,https://mpesije.jne.gob.pe/docs/f58ff122-9a1f-4de0-9d03-8f5bda8320ea.pdf,,ERM.2022016625,158,INSCRITO,20,240000,,CALLAO,,
199,28098,2840,PARTIDO MORADO,4,REGIONAL,1650,AREQUIPA,https://mpesije.jne.gob.pe/docs/9a486f48-50e9-49d0-ac46-90fd58da628e.pdf,https://mpesije.jne.gob.pe/docs/cbcf1c16-4d97-4d76-9982-65b8863f899a.pdf,,ERM.2022009603,158,INSCRITO,30,40000,,AREQUIPA,,
200,28685,2840,PARTIDO MORADO,4,REGIONAL,1679,HUANCAYO,https://mpesije.jne.gob.pe/docs/7a1898ef-92bf-4549-870e-d2bf61402f50.pdf,https://mpesije.jne.gob.pe/docs/0eab804a-b359-4805-9c08-5a60b2ad322a.pdf,,ERM.2022017477,158,INSCRITO,28,110000,,JUNIN,,
201,28483,2840,PARTIDO MORADO,4,REGIONAL,1680,HUANUCO,https://mpesije.jne.gob.pe/docs/b945c51c-d9f5-4577-aa66-c09b05c3b55a.pdf,https://mpesije.jne.gob.pe/docs/9fa0b231-94a3-4e96-aedb-8e8221a3c68f.pdf,,ERM.2022018145,158,INSCRITO,42,90000,,HUANUCO,,
202,27547,2840,PARTIDO MORADO,4,REGIONAL,1734,TUMBES,https://mpesije.jne.gob.pe/docs/97a90623-3361-4303-a691-4bdd0c7dba05.pdf,https://mpesije.jne.gob.pe/docs/407f8dc6-95d2-410e-b91e-bc6992811fb9.pdf,,ERM.2022017122,158,INSCRITO,16,230000,,TUMBES,,
203,25465,2869,PARTIDO PATRIOTICO DEL PERU,4,REGIONAL,1715,PIURA,https://mpesije.jne.gob.pe/docs/e2228899-d896-4514-a6d9-a0abf80aa14f.pdf,https://mpesije.jne.gob.pe/docs/6ae76c8a-d8f5-47b6-9545-21efdd2b6bbb.pdf,,ERM.2022015145,158,INSCRITO,24,190000,,PIURA,,
204,27345,2869,PARTIDO PATRIOTICO DEL PERU,4,REGIONAL,1666,CHICLAYO,https://mpesije.jne.gob.pe/docs/bc24346c-a178-4a20-b404-73b9e8133896.pdf,https://mpesije.jne.gob.pe/docs/51ca75a8-f70b-442c-b5c7-4a8c2501ed0c.pdf,,ERM.2022015054,158,INSCRITO,22,130000,,LAMBAYEQUE,,
205,24381,2869,PARTIDO PATRIOTICO DEL PERU,4,REGIONAL,1657,CALLAO,https://mpesije.jne.gob.pe/docs/923474d0-fbfc-4aac-b15f-66d0a3d617d6.pdf,https://mpesije.jne.gob.pe/docs/08358e7e-49e7-4671-a5c2-c1b4c916ffde.pdf,,ERM.2022015645,158,INSCRITO,20,240000,,CALLAO,,
206,29560,2218,PARTIDO POLITICO NACIONAL PERU LIBRE,4,REGIONAL,1718,PUNO,https://mpesije.jne.gob.pe/docs/da4bde51-7e54-4028-afbd-9a53a024445e.pdf,https://mpesije.jne.gob.pe/docs/01b37cc3-aa95-4919-8a15-219123d23dc5.pdf,,ERM.2022018010,158,INSCRITO,40,200000,,PUNO,,
207,24259,2218,PARTIDO POLITICO NACIONAL PERU LIBRE,4,REGIONAL,1729,TACNA,https://mpesije.jne.gob.pe/docs/00bfdfca-26c4-4454-a91f-ea638e0cdf47.pdf,https://mpesije.jne.gob.pe/docs/bd42ecfd-7535-44c7-a0ce-e35d67870e7a.pdf,,ERM.2022011285,158,INSCRITO,22,220000,,TACNA,,
208,20574,2218,PARTIDO POLITICO NACIONAL PERU LIBRE,4,REGIONAL,1730,TAMBOPATA,https://mpesije.jne.gob.pe/docs/6ac6767b-34d9-4fa8-bf39-92cbe6349f42.pdf,https://mpesije.jne.gob.pe/docs/3a5924ce-d0d8-43ce-8676-6a4b48e6cc4d.pdf,,ERM.2022007771,158,INSCRITO,22,160000,,MADRE DE DIOS,,
209,28994,2218,PARTIDO POLITICO NACIONAL PERU LIBRE,4,REGIONAL,1733,TRUJILLO,https://mpesije.jne.gob.pe/docs/9c4adfc1-1fd1-4b32-85aa-7619e3c90bb5.pdf,https://mpesije.jne.gob.pe/docs/227119ce-4d44-442d-9d44-7d1b5f690f1a.pdf,,ERM.2022016467,158,INSCRITO,36,120000,,LA LIBERTAD,,
210,20880,2218,PARTIDO POLITICO NACIONAL PERU LIBRE,4,REGIONAL,1734,TUMBES,https://mpesije.jne.gob.pe/docs/ca9dd562-984e-4fb7-ad7d-d93976a9a1d5.pdf,https://mpesije.jne.gob.pe/docs/82e1df37-41ca-4c8a-b28a-6e5efb1c0046.pdf,,ERM.2022018078,158,INSCRITO,16,230000,,TUMBES,,
211,26093,2218,PARTIDO POLITICO NACIONAL PERU LIBRE,4,REGIONAL,1650,AREQUIPA,https://mpesije.jne.gob.pe/docs/1f6f58b5-9cf8-4759-ac0d-a2f00ce944cc.pdf,https://mpesije.jne.gob.pe/docs/d4b1789f-fc1c-41c5-bbce-36efccbf6d93.pdf,,ERM.2022011117,158,INSCRITO,30,40000,,AREQUIPA,,
212,25430,2218,PARTIDO POLITICO NACIONAL PERU LIBRE,4,REGIONAL,1666,CHICLAYO,https://mpesije.jne.gob.pe/docs/ca195846-a3f2-405a-af28-62416006eb25.pdf,https://mpesije.jne.gob.pe/docs/ef4e239e-6d0b-4406-b80a-acbacd1a1b17.pdf,,ERM.2022010483,158,INSCRITO,22,130000,,LAMBAYEQUE,,
213,17174,2218,PARTIDO POLITICO NACIONAL PERU LIBRE,4,REGIONAL,1670,CORONEL PORTILLO,https://mpesije.jne.gob.pe/docs/4638631b-e51f-421b-8e2a-d37b8cba5820.pdf,https://mpesije.jne.gob.pe/docs/6f409f60-3c60-4cc8-bbdf-efab1f36fec1.pdf,,ERM.2022017535,158,INSCRITO,24,250000,,UCAYALI,,
214,27237,2218,PARTIDO POLITICO NACIONAL PERU LIBRE,4,REGIONAL,1671,CUSCO,https://mpesije.jne.gob.pe/docs/46270a35-02eb-4fec-b10a-8a5e527e5f19.pdf,https://mpesije.jne.gob.pe/docs/a5135c62-9772-4532-9802-2726add5bc16.pdf,,ERM.2022026465,158,INSCRITO,46,70000,,CUSCO,,
215,27098,2218,PARTIDO POLITICO NACIONAL PERU LIBRE,4,REGIONAL,1679,HUANCAYO,https://mpesije.jne.gob.pe/docs/44848413-796a-4d47-86a5-5a6c53cef34e.pdf,https://mpesije.jne.gob.pe/docs/d75f8f57-1ae1-43ec-b1ec-87645ce04dc9.pdf,,ERM.2022017593,152,IMPROCEDENTE,28,110000,,JUNIN,,
216,25880,2218,PARTIDO POLITICO NACIONAL PERU LIBRE,4,REGIONAL,1680,HUANUCO,https://mpesije.jne.gob.pe/docs/e20e2373-a53c-4332-b942-aeb2a684f665.pdf,https://mpesije.jne.gob.pe/docs/93430c21-fae7-4d76-b04c-b952bb06bfc6.pdf,,ERM.2022017623,158,INSCRITO,42,90000,,HUANUCO,,
217,29042,2218,PARTIDO POLITICO NACIONAL PERU LIBRE,4,REGIONAL,1685,HUAURA,https://mpesije.jne.gob.pe/docs/9a26e5a5-3592-4d42-a56e-41457f602be9.pdf,https://mpesije.jne.gob.pe/docs/313a8954-742c-4704-a242-9f6c710c403d.pdf,,ERM.2022014154,158,INSCRITO,28,140000,,LIMA,,
218,21670,2218,PARTIDO POLITICO NACIONAL PERU LIBRE,4,REGIONAL,1705,MARISCAL NIETO,https://mpesije.jne.gob.pe/docs/cb82abac-2f21-4277-b111-f51539b10a07.pdf,https://mpesije.jne.gob.pe/docs/d179a4e8-2b48-445c-bde6-a00b627e5151.pdf,,ERM.2022017221,158,INSCRITO,22,170000,,MOQUEGUA,,
219,26599,2218,PARTIDO POLITICO NACIONAL PERU LIBRE,4,REGIONAL,1707,MAYNAS,https://mpesije.jne.gob.pe/docs/1b2903aa-b1df-444f-b06c-1e4ac089e3e5.pdf,https://mpesije.jne.gob.pe/docs/458beca8-6bf7-4457-80a7-fa84ce7cb251.pdf,,ERM.2022017728,158,INSCRITO,34,150000,,LORETO,,
220,27087,2218,PARTIDO POLITICO NACIONAL PERU LIBRE,4,REGIONAL,1713,PASCO,https://mpesije.jne.gob.pe/docs/5c28a874-1cb5-45a3-bcbb-46c6b7260ff9.pdf,https://mpesije.jne.gob.pe/docs/ab5cc539-77d3-4f43-baea-6fb70512f184.pdf,,ERM.2022018499,158,INSCRITO,24,180000,,PASCO,,
221,23157,2218,PARTIDO POLITICO NACIONAL PERU LIBRE,4,REGIONAL,1715,PIURA,https://mpesije.jne.gob.pe/docs/c9df1aa3-c78f-4e02-a2a0-8966c8613c5b.pdf,https://mpesije.jne.gob.pe/docs/007badad-d55b-4589-b0b0-c753ceea51e3.pdf,,ERM.2022017853,158,INSCRITO,24,190000,,PIURA,,
222,29614,1705,PASCO DIGNIDAD,4,REGIONAL,1713,PASCO,https://mpesije.jne.gob.pe/docs/4f873ad3-8814-437b-95a0-cb36ad0c1071.pdf,https://mpesije.jne.gob.pe/docs/133e9339-73f9-4853-9bde-ee31f6a05499.pdf,,ERM.2022013901,158,INSCRITO,24,180000,,PASCO,,
223,24805,2725,PASCO UNIDO,4,REGIONAL,1713,PASCO,https://mpesije.jne.gob.pe/docs/d886070d-ca03-431b-b2ef-443a849859cd.pdf,https://mpesije.jne.gob.pe/docs/f4beb10a-1919-4d1e-a128-dfbf8aece967.pdf,,ERM.2022009995,158,INSCRITO,24,180000,,PASCO,,
224,29031,2353,PASCO VERDE,4,REGIONAL,1713,PASCO,https://mpesije.jne.gob.pe/docs/5fae3cdb-8e97-496d-bba6-9efa1ba86529.pdf,https://mpesije.jne.gob.pe/docs/526c4247-92d9-4a00-838e-1b8e6397d9a0.pdf,,ERM.2022008070,158,INSCRITO,24,180000,,PASCO,,
225,21940,553,PATRIA JOVEN,4,REGIONAL,1685,HUAURA,https://mpesije.jne.gob.pe/docs/.pdf,https://mpesije.jne.gob.pe/docs/.pdf,,ERM.2022007926,158,INSCRITO,28,140000,,LIMA,,
226,26404,2876,PIURA RENACE,4,REGIONAL,1715,PIURA,https://mpesije.jne.gob.pe/docs/a5494304-1ab3-4732-95d0-d9d5a7193e7f.pdf,https://mpesije.jne.gob.pe/docs/3d083bab-ff4c-4308-b481-9dc24ed9841d.pdf,,ERM.2022016705,158,INSCRITO,24,190000,,PIURA,,
227,25932,2731,PODEMOS PERU,4,REGIONAL,1682,HUARAZ,https://mpesije.jne.gob.pe/docs/ac44ebc2-9f25-4bc6-a60b-9266b777b1fb.pdf,https://mpesije.jne.gob.pe/docs/02ae1b41-09ab-4d39-9b24-29cc4c0d782a.pdf,,ERM.2022016505,152,IMPROCEDENTE,52,20000,,ANCASH,,
228,16713,2731,PODEMOS PERU,4,REGIONAL,1685,HUAURA,https://mpesije.jne.gob.pe/docs/0762b140-3267-4663-a27c-4b5cbd9f4618.pdf,https://mpesije.jne.gob.pe/docs/e70d520a-8edf-404d-b02b-0bfc94c92b0d.pdf,,ERM.2022014001,152,IMPROCEDENTE,28,140000,,LIMA,,
229,27729,2731,PODEMOS PERU,4,REGIONAL,1671,CUSCO,https://mpesije.jne.gob.pe/docs/b1195ede-548a-4146-805a-c39ebdc3758b.pdf,https://mpesije.jne.gob.pe/docs/721c88d7-5af7-479b-a577-f5da4da58bf9.pdf,,ERM.2022016597,158,INSCRITO,46,70000,,CUSCO,,
230,27323,2731,PODEMOS PERU,4,REGIONAL,1657,CALLAO,https://mpesije.jne.gob.pe/docs/633ec7ac-74e6-4e69-a00a-944aafa2f8d2.pdf,https://mpesije.jne.gob.pe/docs/f66809ff-da4a-41c7-bbd9-77716a91a9f6.pdf,,ERM.2022009197,158,INSCRITO,20,240000,,CALLAO,,
231,21268,2731,PODEMOS PERU,4,REGIONAL,1730,TAMBOPATA,https://mpesije.jne.gob.pe/docs/594e737b-44b9-485a-8150-7c1b97c5ed39.pdf,https://mpesije.jne.gob.pe/docs/d9b9d964-848e-4945-aac1-e32b0c3408c2.pdf,,ERM.2022016545,158,INSCRITO,22,160000,,MADRE DE DIOS,,
232,20912,2731,PODEMOS PERU,4,REGIONAL,1729,TACNA,https://mpesije.jne.gob.pe/docs/79176b6e-09f2-4055-8b1a-7ba40372d360.pdf,https://mpesije.jne.gob.pe/docs/463a2ec0-a7dc-48e0-8a06-0e4ff740a325.pdf,,ERM.2022016346,158,INSCRITO,22,220000,,TACNA,,
233,17473,2731,PODEMOS PERU,4,REGIONAL,1715,PIURA,https://mpesije.jne.gob.pe/docs/80d41b34-f188-40ec-9af8-c0ed1198cb29.pdf,https://mpesije.jne.gob.pe/docs/6a8c1be5-c255-42b2-ad3d-75f9a9221574.pdf,,ERM.2022017213,158,INSCRITO,24,190000,,PIURA,,
234,16712,2731,PODEMOS PERU,4,REGIONAL,1670,CORONEL PORTILLO,https://mpesije.jne.gob.pe/docs/ed9da492-459f-45d9-9ff5-bcab129722b6.pdf,https://mpesije.jne.gob.pe/docs/30489e46-05ee-4380-8aad-9425a37cca44.pdf,,ERM.2022017577,158,INSCRITO,24,250000,,UCAYALI,,
235,16706,2731,PODEMOS PERU,4,REGIONAL,1713,PASCO,https://mpesije.jne.gob.pe/docs/1ace2de7-2b76-4eb9-9bf4-dd4715041570.pdf,https://mpesije.jne.gob.pe/docs/b295c6f5-b165-4d53-a7d2-91606b0f0c88.pdf,,ERM.2022011349,158,INSCRITO,24,180000,,PASCO,,
236,16905,2731,PODEMOS PERU,4,REGIONAL,1705,MARISCAL NIETO,https://mpesije.jne.gob.pe/docs/0e5cd945-3371-40ec-a505-674aa3867349.pdf,https://mpesije.jne.gob.pe/docs/95d2bba5-fe97-4ee6-9866-0da1f61433d9.pdf,,ERM.2022006741,158,INSCRITO,22,170000,,MOQUEGUA,,
237,28066,2338,PODER ANDINO,4,REGIONAL,1718,PUNO,https://mpesije.jne.gob.pe/docs/1620a14a-3ce3-40f5-9626-16e4d6c890fe.pdf,https://mpesije.jne.gob.pe/docs/6185752c-0930-495c-a9ce-c038a1d999c5.pdf,,ERM.2022018080,158,INSCRITO,40,200000,,PUNO,,
238,18707,2199,POR TI CALLAO,4,REGIONAL,1657,CALLAO,https://mpesije.jne.gob.pe/docs/c6387cc6-3e6d-48ff-86bc-d9bddf8ae838.pdf,https://mpesije.jne.gob.pe/docs/ebe990dd-3c0e-42fa-bc4c-1302718803f2.pdf,,ERM.2022015719,158,INSCRITO,20,240000,,CALLAO,,
239,28031,2737,PROGRESISTA DE APURIMAC,4,REGIONAL,1646,ABANCAY,https://mpesije.jne.gob.pe/docs/e1925f09-bc8a-49ed-afa6-1654d40d7283.pdf,https://mpesije.jne.gob.pe/docs/3d419ab7-9f06-4b09-ba04-bf4cdc0eb6b1.pdf,,ERM.2022018101,158,INSCRITO,24,30000,,APURIMAC,,
240,27883,2912,REFORMA Y HONRADEZ POR MAS OBRAS,4,REGIONAL,1718,PUNO,https://mpesije.jne.gob.pe/docs/d3bc1607-152c-4080-8967-2f1fe1d65789.pdf,https://mpesije.jne.gob.pe/docs/e477a189-ad8f-49f6-8c0a-41ef9473788a.pdf,,ERM.2022012182,158,INSCRITO,40,200000,,PUNO,,
241,25686,1411,REGION PARA TODOS,4,REGIONAL,1715,PIURA,https://mpesije.jne.gob.pe/docs/3accdd27-9a16-48f7-b3bb-5a9c3bb87cee.pdf,https://mpesije.jne.gob.pe/docs/da6f89f9-1dec-42f8-970d-70fa6a06e310.pdf,,ERM.2022015075,158,INSCRITO,24,190000,,PIURA,,
242,21813,22,RENOVACION POPULAR,4,REGIONAL,1657,CALLAO,https://mpesije.jne.gob.pe/docs/5fe2a686-683b-4d44-bdbd-12cd632678b8.pdf,https://mpesije.jne.gob.pe/docs/7eb77ad2-ae49-4e6c-ace2-d9df8a28a53e.pdf,,ERM.2022012499,158,INSCRITO,20,240000,,CALLAO,,
243,17394,22,RENOVACION POPULAR,4,REGIONAL,1664,CHACHAPOYAS,https://mpesije.jne.gob.pe/docs/72581142-6b72-47aa-812a-d1ee8697e233.pdf,https://mpesije.jne.gob.pe/docs/555f5b15-0ed2-48bb-9e3e-0a7f65f0d31d.pdf,,ERM.2022012217,158,INSCRITO,22,10000,,AMAZONAS,,
244,17500,22,RENOVACION POPULAR,4,REGIONAL,1666,CHICLAYO,https://mpesije.jne.gob.pe/docs/c16b1d08-aa19-4ccd-aabd-b008f9fdd5bb.pdf,https://mpesije.jne.gob.pe/docs/69fa96d9-9f8a-41f2-9df7-e9006c00fcca.pdf,,ERM.2022014466,158,INSCRITO,22,130000,,LAMBAYEQUE,,
245,27792,22,RENOVACION POPULAR,4,REGIONAL,1679,HUANCAYO,https://mpesije.jne.gob.pe/docs/30839c57-bd2d-4611-bd69-be38bb7387f5.pdf,https://mpesije.jne.gob.pe/docs/2ac31438-aea9-48ab-b0a1-2c67c978486f.pdf,,ERM.2022016727,158,INSCRITO,28,110000,,JUNIN,,
246,19955,22,RENOVACION POPULAR,4,REGIONAL,1688,ICA,https://mpesije.jne.gob.pe/docs/322fdb0f-a28e-466c-b897-a5f3a5d461dd.pdf,https://mpesije.jne.gob.pe/docs/20da93c0-be8b-462c-ae69-51a86686459c.pdf,,ERM.2022008543,158,INSCRITO,24,100000,,ICA,,
247,24529,22,RENOVACION POPULAR,4,REGIONAL,1656,CAJAMARCA,https://mpesije.jne.gob.pe/docs/.pdf,https://mpesije.jne.gob.pe/docs/.pdf,,ERM.2022017895,158,INSCRITO,40,60000,,CAJAMARCA,,
248,24255,22,RENOVACION POPULAR,4,REGIONAL,1650,AREQUIPA,https://mpesije.jne.gob.pe/docs/762beb18-c622-40de-9ffe-924f8e8dda57.pdf,https://mpesije.jne.gob.pe/docs/d2586597-420f-4fe6-bab1-ace1feccd554.pdf,,ERM.2022009966,158,INSCRITO,30,40000,,AREQUIPA,,
249,24249,22,RENOVACION POPULAR,4,REGIONAL,1685,HUAURA,https://mpesije.jne.gob.pe/docs/039e0ae6-baec-4ea6-971e-280e0891e717.pdf,https://mpesije.jne.gob.pe/docs/deda24f9-8520-437b-ae42-dd6a387a5169.pdf,,ERM.2022008321,158,INSCRITO,28,140000,,LIMA,,
250,27907,22,RENOVACION POPULAR,4,REGIONAL,1729,TACNA,https://mpesije.jne.gob.pe/docs/1f0e7a80-a9bf-4300-b14c-d1b382e3f225.pdf,https://mpesije.jne.gob.pe/docs/c1c7a100-b072-42fe-a4b4-9992137d738d.pdf,,ERM.2022017507,158,INSCRITO,22,220000,,TACNA,,
251,24049,22,RENOVACION POPULAR,4,REGIONAL,1733,TRUJILLO,https://mpesije.jne.gob.pe/docs/dd25d7bb-2c29-4c2f-b755-42392981c54d.pdf,https://mpesije.jne.gob.pe/docs/a91e82e4-a677-4e7e-af86-dcb6a650ea09.pdf,,ERM.2022008497,158,INSCRITO,36,120000,,LA LIBERTAD,,
252,24233,2171,RENOVACION TUMBESINA,4,REGIONAL,1734,TUMBES,https://mpesije.jne.gob.pe/docs/151c900b-591f-4a1a-a308-f98ea7693190.pdf,https://mpesije.jne.gob.pe/docs/23b04510-5973-4d46-8c9c-aa0529b069df.pdf,,ERM.2022006008,158,INSCRITO,16,230000,,TUMBES,,
253,26325,2277,SENTIMIENTO AMAZONENSE REGIONAL,4,REGIONAL,1664,CHACHAPOYAS,https://mpesije.jne.gob.pe/docs/0a20d447-e5f8-4b7c-90b7-cda97071f394.pdf,https://mpesije.jne.gob.pe/docs/8e015c54-9fab-4301-9a0f-c29d9071afb5.pdf,,ERM.2022014710,158,INSCRITO,22,10000,,AMAZONAS,,
254,17092,2902,SI SE PUEDE CALLAO,4,REGIONAL,1657,CALLAO,https://mpesije.jne.gob.pe/docs/2e065081-2831-442e-a2b1-d4e5bba500a8.pdf,https://mpesije.jne.gob.pe/docs/25cb0c9f-45ec-470f-ae17-cc1fa1c9add3.pdf,,ERM.2022017786,158,INSCRITO,20,240000,,CALLAO,,
255,25739,2178,SIEMPRE TACNA,4,REGIONAL,1729,TACNA,https://mpesije.jne.gob.pe/docs/d2377545-3d31-4943-b4a7-99e360aca39d.pdf,https://mpesije.jne.gob.pe/docs/7b46f3a0-9051-49a9-8639-fa8348056d29.pdf,,ERM.2022013685,158,INSCRITO,22,220000,,TACNA,,
256,27740,2881,SOCIOS POR ANCASH,4,REGIONAL,1682,HUARAZ,https://mpesije.jne.gob.pe/docs/3bd17ec0-5d4b-42e6-baeb-67ac034982be.pdf,https://mpesije.jne.gob.pe/docs/fc6577c4-e2b8-415e-b88b-2c84a1d13f67.pdf,,ERM.2022014222,158,INSCRITO,52,20000,,ANCASH,,
257,29215,2657,SOMOS PUEBLO,4,REGIONAL,1718,PUNO,https://mpesije.jne.gob.pe/docs/5b139a2a-9aa5-42c7-9165-f4f2aaebf24e.pdf,https://mpesije.jne.gob.pe/docs/d4117be0-edc3-4fe1-805e-7bde84362c94.pdf,,ERM.2022018031,158,INSCRITO,40,200000,,PUNO,,
258,27657,67,SUMATE,4,REGIONAL,1733,TRUJILLO,https://mpesije.jne.gob.pe/docs/65df0e6b-8341-4970-af97-d86d4142e27d.pdf,https://mpesije.jne.gob.pe/docs/17909b26-65af-4cd5-b9d4-248d37d9cab7.pdf,,ERM.2022017882,158,INSCRITO,36,120000,,LA LIBERTAD,,
259,22982,1396,TODOS SOMOS UCAYALI,4,REGIONAL,1670,CORONEL PORTILLO,https://mpesije.jne.gob.pe/docs/d27c3447-47ee-41e5-8392-9b5dcba08692.pdf,https://mpesije.jne.gob.pe/docs/c8def2cb-b75f-4e9a-99fd-3b28d0785b49.pdf,,ERM.2022006824,158,INSCRITO,24,250000,,UCAYALI,,
260,27103,2884,TRABAJO MAS TRABAJO,4,REGIONAL,1733,TRUJILLO,https://mpesije.jne.gob.pe/docs/7b6611d8-de7c-4638-b4a2-f7a0fc73e4c0.pdf,https://mpesije.jne.gob.pe/docs/593d747b-c2a1-4bf7-b9fa-1ad3daf5ea26.pdf,,ERM.2022007560,158,INSCRITO,36,120000,,LA LIBERTAD,,
261,17946,233,UCAYALI REGION CON FUTURO,4,REGIONAL,1670,CORONEL PORTILLO,https://mpesije.jne.gob.pe/docs/a0cbea2a-d1db-46d9-ab3c-03951a0e4b4e.pdf,https://mpesije.jne.gob.pe/docs/341b83a5-f9a2-47f0-9ffd-b4e8f99dc89f.pdf,,ERM.2022006597,158,INSCRITO,24,250000,,UCAYALI,,
262,23257,2759,"UNIDAD, EXPERIENCIA Y TRABAJO CON ETICA",4,REGIONAL,1734,TUMBES,https://mpesije.jne.gob.pe/docs/f1e7ab08-dfd6-464f-aa37-676232db8bff.pdf,https://mpesije.jne.gob.pe/docs/7a1d9076-ca2e-458c-9676-db55ad0f4fdd.pdf,,ERM.2022012496,158,INSCRITO,16,230000,,TUMBES,,
263,26445,2722,UNION REGIONAL,4,REGIONAL,1709,MOYOBAMBA,https://mpesije.jne.gob.pe/docs/1059992e-cc24-414e-ba15-e702ccbeb0da.pdf,https://mpesije.jne.gob.pe/docs/ab93615b-17ca-410e-bef3-0b6013fe1485.pdf,,ERM.2022015092,158,INSCRITO,32,210000,,SAN MARTIN,,
264,26565,2701,UNO POR ICA,4,REGIONAL,1688,ICA,https://mpesije.jne.gob.pe/docs/e5f41238-c6a1-4ca1-a001-362d80946440.pdf,https://mpesije.jne.gob.pe/docs/e7a92408-d79a-42e3-9af9-cf3301254ed5.pdf,,ERM.2022011871,158,INSCRITO,24,100000,,ICA,,
265,27234,2878,VICTORIA AMAZONENSE,4,REGIONAL,1664,CHACHAPOYAS,https://mpesije.jne.gob.pe/docs/cbb18d6c-1abc-429d-ac55-cca455887f55.pdf,https://mpesije.jne.gob.pe/docs/d07e910e-1e45-4cf6-b854-bffa75211d97.pdf,,ERM.2022007486,158,INSCRITO,22,10000,,AMAZONAS,,
266,22438,2744,YO AREQUIPA,4,REGIONAL,1650,AREQUIPA,https://mpesije.jne.gob.pe/docs/79db085e-bbdb-4da3-aea8-1ce7e92639a3.pdf,https://mpesije.jne.gob.pe/docs/.pdf,,ERM.2022012693,158,INSCRITO,30,40000,,AREQUIPA,,
