,C_CODI_AGP,AGRUPACION,IMAGENAGRUPACION,PORC_AVANCE_ACTA,ACTAS_COMPUTADA,TOTAL_MESAS,TOTAL_VOTOS,NLISTA,POR_VALIDOS,POR_EMITIDOS,cod_departamento,fecha,hora,avance,ubigeo,departamento,postulaDepartamento,txUbigeo,organizacionPolitica,nombreCompleto,postulaProvincia
0,10,PARTIDO MORADO,,100.0,152,152,107,00000010.jpg,0.388,0.337,01,04/10/2022,12:45 h,98.7013,10100,AMAZONAS,AMAZONAS,10100,PARTIDO MORADO,OLGA ESPERANZA TEJADA HUAMAN,CHACHAPOYAS
1,15,MOVIMIENTO REGIONAL AMAZONENSE UNIDOS AL CAMPO,,100.0,152,152,658,00000015.jpg,2.388,2.071,01,04/10/2022,12:45 h,98.7013,10100,AMAZONAS,AMAZONAS,10100,MOVIMIENTO REGIONAL AMAZONENSE UNIDOS AL CAMPO,ITAMAR GUERRERO RIVASPLATA,CHACHAPOYAS
2,4,ALIANZA PARA EL PROGRESO,,100.0,152,152,"2,636",00000004.jpg,9.568,8.297,01,04/10/2022,12:45 h,98.7013,10100,AMAZONAS,AMAZONAS,10100,ALIANZA PARA EL PROGRESO,LESTER GEOFREY DIAZ VILLANUEVA,CHACHAPOYAS
3,5,JUNTOS POR EL PERU,,100.0,152,152,"3,129",00000005.jpg,11.358,9.849,01,04/10/2022,12:45 h,98.7013,10100,AMAZONAS,AMAZONAS,10100,JUNTOS POR EL PERU,WILLIAM GOMEZ BAZAN,CHACHAPOYAS
4,3,RENOVACION POPULAR,,100.0,152,152,"5,615",00000003.jpg,20.381,17.673,01,04/10/2022,12:45 h,98.7013,10100,AMAZONAS,AMAZONAS,10100,RENOVACION POPULAR,FERNANDO SANTILLAN MEZA,CHACHAPOYAS
5,17,MOVIMIENTO REGIONAL VICTORIA AMAZONENSE,,100.0,152,152,"5,844",00000017.jpg,21.212,18.394,01,04/10/2022,12:45 h,98.7013,10100,AMAZONAS,AMAZONAS,10100,MOVIMIENTO REGIONAL VICTORIA AMAZONENSE,MARIO YLDEFONSO TORREJON ARELLANOS,CHACHAPOYAS
6,16,SENTIMIENTO AMAZONENSE REGIONAL,,100.0,152,152,"9,561",00000016.jpg,34.704,30.093,01,04/10/2022,12:45 h,98.7013,10100,AMAZONAS,AMAZONAS,10100,SENTIMIENTO AMAZONENSE REGIONAL,PERCY ZUTA CASTILLO,CHACHAPOYAS
7,8,PARTIDO POLITICO NACIONAL PERU LIBRE,,100.0,430,430,"1,353",00000008.jpg,1.705,1.385,02,04/10/2022,12:45 h,97.0655,20100,ÁNCASH,ÁNCASH,20100,PARTIDO POLITICO NACIONAL PERU LIBRE,ERIK WILLIAM DAMIAN GLORIA,HUARAZ
8,9,PODEMOS PERU,,100.0,430,430,"1,356",00000009.jpg,1.709,1.388,02,04/10/2022,12:45 h,97.0655,20100,ÁNCASH,ÁNCASH,20100,PODEMOS PERU,ARTHUR NOBEL COCHACHIN MAGUIÑA,HUARAZ
9,1,ACCION POPULAR,,100.0,430,430,"1,760",00000001.jpg,2.218,1.801,02,04/10/2022,12:45 h,97.0655,20100,ÁNCASH,ÁNCASH,20100,ACCION POPULAR,CURRE DIONICIO ROJAS LEON,HUARAZ
10,3,RENOVACION POPULAR,,100.0,430,430,"2,844",00000003.jpg,3.583,2.91,02,04/10/2022,12:45 h,97.0655,20100,ÁNCASH,ÁNCASH,20100,RENOVACION POPULAR,MIGUEL JOHN MUÑOZ AVENDAÑO,HUARAZ
11,18,MOVIMIENTO ACCION NACIONALISTA PERUANO,,100.0,430,430,"3,285",00000018.jpg,4.139,3.362,02,04/10/2022,12:45 h,97.0655,20100,ÁNCASH,ÁNCASH,20100,MOVIMIENTO ACCION NACIONALISTA PERUANO,INOCENCIO NEMECIO VILLAFUERTE COLONIA,HUARAZ
12,20,MOVIMIENTO REGIONAL EL MAICITO,,100.0,430,430,"4,970",00000020.jpg,6.262,5.086,02,04/10/2022,12:45 h,97.0655,20100,ÁNCASH,ÁNCASH,20100,MOVIMIENTO REGIONAL EL MAICITO,JUSTO MELVIN MANRIQUE PADILLA,HUARAZ
13,7,AVANZA PAIS - PARTIDO DE INTEGRACION SOCIAL,,100.0,430,430,"6,304",00000007.jpg,7.943,6.451,02,04/10/2022,12:45 h,97.0655,20100,ÁNCASH,ÁNCASH,20100,AVANZA PAIS - PARTIDO DE INTEGRACION SOCIAL,ANGEL JANWILLEM DURAN LEON,HUARAZ
14,4,ALIANZA PARA EL PROGRESO,,100.0,430,430,"7,777",00000004.jpg,9.799,7.958,02,04/10/2022,12:45 h,97.0655,20100,ÁNCASH,ÁNCASH,20100,ALIANZA PARA EL PROGRESO,DIONICIO ALEJANDRO PAUCAR ALARCON,HUARAZ
15,5,JUNTOS POR EL PERU,,100.0,430,430,"9,700",00000005.jpg,12.222,9.926,02,04/10/2022,12:45 h,97.0655,20100,ÁNCASH,ÁNCASH,20100,JUNTOS POR EL PERU,JABICO PRUDENCIO ROBLES BLACIDO,HUARAZ
16,19,SOCIOS POR ANCASH,,100.0,430,430,"11,331",00000019.jpg,14.277,11.595,02,04/10/2022,12:45 h,97.0655,20100,ÁNCASH,ÁNCASH,20100,SOCIOS POR ANCASH,RAUL MARIO ORTIZ RODRIGUEZ,HUARAZ
17,21,ALIANZA GOBIERNO UNIDAD Y ACCION - AGUA,,100.0,430,430,"28,686",00000021.jpg,36.144,29.354,02,04/10/2022,12:45 h,97.0655,20100,ÁNCASH,ÁNCASH,20100,ALIANZA GOBIERNO UNIDAD Y ACCION - AGUA,DAVID MANUEL ROSALES TINOCO,HUARAZ
18,10,PARTIDO MORADO,,100.0,288,288,407,00000010.jpg,0.744,0.634,03,04/10/2022,12:45 h,98.9691,30100,APURÍMAC,APURÍMAC,30100,PARTIDO MORADO,REYNALDO BACA SEQUEIROS,ABANCAY
19,2,PARTIDO DEMOCRATICO SOMOS PERU,,100.0,288,288,"2,478",00000002.jpg,4.527,3.862,03,04/10/2022,12:45 h,98.9691,30100,APURÍMAC,APURÍMAC,30100,PARTIDO DEMOCRATICO SOMOS PERU,ELIO MAURO VIDAL ROBLES,ABANCAY
20,24,MOVIMIENTO REGIONAL HATARIY APURIMAC,,100.0,288,288,"6,784",00000024.jpg,12.395,10.572,03,04/10/2022,12:45 h,98.9691,30100,APURÍMAC,APURÍMAC,30100,MOVIMIENTO REGIONAL HATARIY APURIMAC,MOISES LUNA HURTADO,ABANCAY
21,1,ACCION POPULAR,,100.0,288,288,"7,178",00000001.jpg,13.115,11.186,03,04/10/2022,12:45 h,98.9691,30100,APURÍMAC,APURÍMAC,30100,ACCION POPULAR,JOHN VASCONES SORIA,ABANCAY
22,25,PROGRESISTA DE APURIMAC,,100.0,288,288,"7,575",00000025.jpg,13.84,11.804,03,04/10/2022,12:45 h,98.9691,30100,APURÍMAC,APURÍMAC,30100,PROGRESISTA DE APURIMAC,EDWIN DARCY AYMARA CONTRERAS,ABANCAY
23,11,PARTIDO FRENTE DE LA ESPERANZA 2021,,100.0,288,288,"13,638",00000011.jpg,24.917,21.253,03,04/10/2022,12:45 h,98.9691,30100,APURÍMAC,APURÍMAC,30100,PARTIDO FRENTE DE LA ESPERANZA 2021,RICHARD ESPINOZA PALOMINO,ABANCAY
24,4,ALIANZA PARA EL PROGRESO,,100.0,288,288,"16,673",00000004.jpg,30.462,25.982,03,04/10/2022,12:45 h,98.9691,30100,APURÍMAC,APURÍMAC,30100,ALIANZA PARA EL PROGRESO,NESTOR RAUL PEÑA SANCHEZ,ABANCAY
25,9,PODEMOS PERU,,100.0,"3,008","3,008","2,455",00000009.jpg,0.397,0.336,04,04/10/2022,12:45 h,98.5260,40100,AREQUIPA,AREQUIPA,40100,PODEMOS PERU,ISIDRO FLORES SOSA,AREQUIPA
26,10,PARTIDO MORADO,,100.0,"3,008","3,008","4,011",00000010.jpg,0.649,0.548,04,04/10/2022,12:45 h,98.5260,40100,AREQUIPA,AREQUIPA,40100,PARTIDO MORADO,GUSTAVO ENRIQUE ALVAREZ BEGAZO,AREQUIPA
27,1,ACCION POPULAR,,100.0,"3,008","3,008","6,768",00000001.jpg,1.096,0.925,04,04/10/2022,12:45 h,98.5260,40100,AREQUIPA,AREQUIPA,40100,ACCION POPULAR,EDWIN JAVIER MARTINEZ CONCHA,AREQUIPA
28,2,PARTIDO DEMOCRATICO SOMOS PERU,,100.0,"3,008","3,008","7,220",00000002.jpg,1.169,0.987,04,04/10/2022,12:45 h,98.5260,40100,AREQUIPA,AREQUIPA,40100,PARTIDO DEMOCRATICO SOMOS PERU,GUIDO MOISES DEL CARPIO RODRIGUEZ,AREQUIPA
29,6,FUERZA POPULAR,,100.0,"3,008","3,008","8,336",00000006.jpg,1.35,1.139,04,04/10/2022,12:45 h,98.5260,40100,AREQUIPA,AREQUIPA,40100,FUERZA POPULAR,MAURICIO FERNANDO ARNILLAS GONZALEZ,AREQUIPA
30,5,JUNTOS POR EL PERU,,100.0,"3,008","3,008","8,762",00000005.jpg,1.419,1.198,04,04/10/2022,12:45 h,98.5260,40100,AREQUIPA,AREQUIPA,40100,JUNTOS POR EL PERU,LIZET JUANA APAZA BEJARANO,AREQUIPA
31,7,AVANZA PAIS - PARTIDO DE INTEGRACION SOCIAL,,100.0,"3,008","3,008","11,689",00000007.jpg,1.893,1.598,04,04/10/2022,12:45 h,98.5260,40100,AREQUIPA,AREQUIPA,40100,AVANZA PAIS - PARTIDO DE INTEGRACION SOCIAL,SANDRO MAXIMO CASTRO ATAO,AREQUIPA
32,26,MOVIMIENTO REGIONAL REVALORA,,100.0,"3,008","3,008","15,431",00000026.jpg,2.498,2.109,04,04/10/2022,12:45 h,98.5260,40100,AREQUIPA,AREQUIPA,40100,MOVIMIENTO REGIONAL REVALORA,PERCY LUIS CORNEJO BARRAGAN,AREQUIPA
33,8,PARTIDO POLITICO NACIONAL PERU LIBRE,,100.0,"3,008","3,008","19,398",00000008.jpg,3.141,2.652,04,04/10/2022,12:45 h,98.5260,40100,AREQUIPA,AREQUIPA,40100,PARTIDO POLITICO NACIONAL PERU LIBRE,KAREN GIOVANNA RICRA CARRILLO,AREQUIPA
34,4,ALIANZA PARA EL PROGRESO,,100.0,"3,008","3,008","19,636",00000004.jpg,3.179,2.684,04,04/10/2022,12:45 h,98.5260,40100,AREQUIPA,AREQUIPA,40100,ALIANZA PARA EL PROGRESO,LUIS MAGNO AGUIRRE CHAVEZ,AREQUIPA
35,4,ALIANZA PARA EL PROGRESO,,100.0,"3,008","3,008","19,636",00000004.jpg,3.179,2.684,04,04/10/2022,12:45 h,98.5260,40100,AREQUIPA,AREQUIPA,40100,ALIANZA PARA EL PROGRESO,LUIS MAGNO AGUIRRE CHAVEZ,AREQUIPA
36,30,AREQUIPA - UNIDOS POR EL GRAN CAMBIO,,100.0,"3,008","3,008","20,597",00000030.jpg,3.335,2.816,04,04/10/2022,12:45 h,98.5260,40100,AREQUIPA,AREQUIPA,40100,AREQUIPA - UNIDOS POR EL GRAN CAMBIO,ROGER ANGHELO HUERTA PRESBITERO,AREQUIPA
37,29,FUERZA AREQUIPEÑA,,100.0,"3,008","3,008","50,853",00000029.jpg,8.234,6.951,04,04/10/2022,12:45 h,98.5260,40100,AREQUIPA,AREQUIPA,40100,FUERZA AREQUIPEÑA,GILMAR HENRY LUNA BOYER,AREQUIPA
38,33,AREQUIPA TRANSFORMACION,,100.0,"3,008","3,008","74,316",00000033.jpg,12.033,10.159,04,04/10/2022,12:45 h,98.5260,40100,AREQUIPA,AREQUIPA,40100,AREQUIPA TRANSFORMACION,RICARDO ALFREDO RAMIREZ DEL VILLAR LLOSA,AREQUIPA
39,31,"AREQUIPA, TRADICION Y FUTURO",,100.0,"3,008","3,008","81,039",00000031.jpg,13.121,11.078,04,04/10/2022,12:45 h,98.5260,40100,AREQUIPA,AREQUIPA,40100,"AREQUIPA, TRADICION Y FUTURO",LUIS JUSTO MAYTA LIVISI,AREQUIPA
40,27,MOVIMIENTO REGIONAL AREQUIPA AVANCEMOS,,100.0,"3,008","3,008","94,274",00000027.jpg,15.264,12.887,04,04/10/2022,12:45 h,98.5260,40100,AREQUIPA,AREQUIPA,40100,MOVIMIENTO REGIONAL AREQUIPA AVANCEMOS,BENIGNO TEOFILO CORNEJO VALENCIA,AREQUIPA
41,28,YO AREQUIPA,,100.0,"3,008","3,008","95,072",00000028.jpg,15.393,12.996,04,04/10/2022,12:45 h,98.5260,40100,AREQUIPA,AREQUIPA,40100,YO AREQUIPA,LUIS ROBERTO GAMERO JUAREZ,AREQUIPA
42,32,JUNTOS POR EL DESARROLLO DE AREQUIPA,,100.0,"3,008","3,008","97,769",00000032.jpg,15.83,13.365,04,04/10/2022,12:45 h,98.5260,40100,AREQUIPA,AREQUIPA,40100,JUNTOS POR EL DESARROLLO DE AREQUIPA,VICTOR HUGO RIVERA CHAVEZ,AREQUIPA
43,2,PARTIDO DEMOCRATICO SOMOS PERU,,100.0,724,724,"2,317",00000002.jpg,1.62,1.396,05,04/10/2022,12:45 h,98.6376,50100,AYACUCHO,AYACUCHO,50100,PARTIDO DEMOCRATICO SOMOS PERU,EDWIN RUIZ MEDINA,HUAMANGA
44,11,PARTIDO FRENTE DE LA ESPERANZA 2021,,100.0,724,724,"3,748",00000011.jpg,2.621,2.259,05,04/10/2022,12:45 h,98.6376,50100,AYACUCHO,AYACUCHO,50100,PARTIDO FRENTE DE LA ESPERANZA 2021,MAGNO SOSA ROJAS,HUAMANGA
45,4,ALIANZA PARA EL PROGRESO,,100.0,724,724,"4,038",00000004.jpg,2.823,2.434,05,04/10/2022,12:45 h,98.6376,50100,AYACUCHO,AYACUCHO,50100,ALIANZA PARA EL PROGRESO,PERCI RIVAS OCEJO,HUAMANGA
46,8,PARTIDO POLITICO NACIONAL PERU LIBRE,,100.0,724,724,"4,053",00000008.jpg,2.834,2.443,05,04/10/2022,12:45 h,98.6376,50100,AYACUCHO,AYACUCHO,50100,PARTIDO POLITICO NACIONAL PERU LIBRE,DANNY ERIKSSON RAMOS QUISPE,HUAMANGA
47,34,MOVIMIENTO REGIONAL GANA AYACUCHO,,100.0,724,724,"19,978",00000034.jpg,13.969,12.041,05,04/10/2022,12:45 h,98.6376,50100,AYACUCHO,AYACUCHO,50100,MOVIMIENTO REGIONAL GANA AYACUCHO,GERMAN SALVADOR MARTINELLI CHUCHON,HUAMANGA
48,35,ALIANZA POR NUESTRO DESARROLLO,,100.0,724,724,"25,818",00000035.jpg,18.053,15.56,05,04/10/2022,12:45 h,98.6376,50100,AYACUCHO,AYACUCHO,50100,ALIANZA POR NUESTRO DESARROLLO,PAVEL TORRES QUISPE,HUAMANGA
49,37,MOVIMIENTO REGIONAL WARI LLAQTA,,100.0,724,724,"37,718",00000037.jpg,26.374,22.733,05,04/10/2022,12:45 h,98.6376,50100,AYACUCHO,AYACUCHO,50100,MOVIMIENTO REGIONAL WARI LLAQTA,LUIS ATILIO LEDESMA ESTRADA,HUAMANGA
50,36,MOVIMIENTO REGIONAL AGUA,,100.0,724,724,"45,344",00000036.jpg,31.706,27.329,05,04/10/2022,12:45 h,98.6376,50100,AYACUCHO,AYACUCHO,50100,MOVIMIENTO REGIONAL AGUA,JUAN CARLOS ARANGO CLAUDIO,HUAMANGA
51,3,RENOVACION POPULAR,,100.0,909,909,"2,902",00000003.jpg,1.643,1.37,06,04/10/2022,12:45 h,96.2924,60100,CAJAMARCA,CAJAMARCA,60100,RENOVACION POPULAR,CRISTIAN HORACIO GALVEZ RUIZ,CAJAMARCA
52,11,PARTIDO FRENTE DE LA ESPERANZA 2021,,100.0,909,909,"7,654",00000011.jpg,4.334,3.614,06,04/10/2022,12:45 h,96.2924,60100,CAJAMARCA,CAJAMARCA,60100,PARTIDO FRENTE DE LA ESPERANZA 2021,CESAR AUGUSTO PLASENCIA FERNANDEZ,CAJAMARCA
53,4,ALIANZA PARA EL PROGRESO,,100.0,909,909,"12,901",00000004.jpg,7.305,6.091,06,04/10/2022,12:45 h,96.2924,60100,CAJAMARCA,CAJAMARCA,60100,ALIANZA PARA EL PROGRESO,ERIBERTO VILLANUEVA CASTREJON,CAJAMARCA
54,39,FRENTE REGIONAL DE CAJAMARCA,,100.0,909,909,"22,929",00000039.jpg,12.983,10.825,06,04/10/2022,12:45 h,96.2924,60100,CAJAMARCA,CAJAMARCA,60100,FRENTE REGIONAL DE CAJAMARCA,HENRY SEGUNDO ALCANTARA SALAZAR,CAJAMARCA
55,2,PARTIDO DEMOCRATICO SOMOS PERU,,100.0,909,909,"24,111",00000002.jpg,13.652,11.383,06,04/10/2022,12:45 h,96.2924,60100,CAJAMARCA,CAJAMARCA,60100,PARTIDO DEMOCRATICO SOMOS PERU,JESUS JULCA DIAZ,CAJAMARCA
56,7,AVANZA PAIS - PARTIDO DE INTEGRACION SOCIAL,,100.0,909,909,"51,424",00000007.jpg,29.118,24.278,06,04/10/2022,12:45 h,96.2924,60100,CAJAMARCA,CAJAMARCA,60100,AVANZA PAIS - PARTIDO DE INTEGRACION SOCIAL,SERGIO SANCHEZ IBAÑEZ,CAJAMARCA
57,38,CAJAMARCA SIEMPRE VERDE,,100.0,909,909,"54,686",00000038.jpg,30.965,25.819,06,04/10/2022,12:45 h,96.2924,60100,CAJAMARCA,CAJAMARCA,60100,CAJAMARCA SIEMPRE VERDE,REBER JOAQUIN RAMIREZ GAMARRA,CAJAMARCA
58,9,PODEMOS PERU,,100.0,"1,170","1,170","4,626",00000009.jpg,2.096,1.701,07,04/10/2022,12:45 h,98.3193,70100,CUSCO,CUSCO,70100,PODEMOS PERU,ABEL VILLENA LETONA,CUSCO
59,8,PARTIDO POLITICO NACIONAL PERU LIBRE,,100.0,"1,170","1,170","6,721",00000008.jpg,3.045,2.471,07,04/10/2022,12:45 h,98.3193,70100,CUSCO,CUSCO,70100,PARTIDO POLITICO NACIONAL PERU LIBRE,JUAN CCOTOHUANCA PUCHO,CUSCO
60,3,RENOVACION POPULAR,,100.0,"1,170","1,170","7,793",00000003.jpg,3.531,2.865,07,04/10/2022,12:45 h,98.3193,70100,CUSCO,CUSCO,70100,RENOVACION POPULAR,JOSE CARLOS HUAMAN CRUZ,CUSCO
61,5,JUNTOS POR EL PERU,,100.0,"1,170","1,170","13,449",00000005.jpg,6.093,4.944,07,04/10/2022,12:45 h,98.3193,70100,CUSCO,CUSCO,70100,JUNTOS POR EL PERU,TANIA CARDEÑA ZUNIGA,CUSCO
62,47,AUTOGOBIERNO AYLLU,,100.0,"1,170","1,170","17,265",00000047.jpg,7.822,6.347,07,04/10/2022,12:45 h,98.3193,70100,CUSCO,CUSCO,70100,AUTOGOBIERNO AYLLU,GABRIELA PALIZA ROMERO,CUSCO
63,4,ALIANZA PARA EL PROGRESO,,100.0,"1,170","1,170","23,468",00000004.jpg,10.633,8.627,07,04/10/2022,12:45 h,98.3193,70100,CUSCO,CUSCO,70100,ALIANZA PARA EL PROGRESO,LUIS ARTURO FLOREZ GARCIA,CUSCO
64,11,PARTIDO FRENTE DE LA ESPERANZA 2021,,100.0,"1,170","1,170","42,120",00000011.jpg,19.083,15.484,07,04/10/2022,12:45 h,98.3193,70100,CUSCO,CUSCO,70100,PARTIDO FRENTE DE LA ESPERANZA 2021,POLICARPO CCORIMANYA ZUNIGA,CUSCO
65,2,PARTIDO DEMOCRATICO SOMOS PERU,,100.0,"1,170","1,170","44,210",00000002.jpg,20.03,16.252,07,04/10/2022,12:45 h,98.3193,70100,CUSCO,CUSCO,70100,PARTIDO DEMOCRATICO SOMOS PERU,ALBERT ANIBAL ARENAS YABAR,CUSCO
66,49,MOVIMIENTO REGIONAL INKA PACHAKUTEQ,,100.0,"1,170","1,170","61,065",00000049.jpg,27.667,22.448,07,04/10/2022,12:45 h,98.3193,70100,CUSCO,CUSCO,70100,MOVIMIENTO REGIONAL INKA PACHAKUTEQ,LUIS BELTRAN PANTOJA CALVO,CUSCO
67,52,MOVIMIENTO INDEPENDIENTE TRABAJANDO PARA TODOS,,100.0,356,356,"13,797",00000052.jpg,21.297,18.088,08,04/10/2022,12:45 h,98.3425,80100,HUANCAVELICA,HUANCAVELICA,80100,MOVIMIENTO INDEPENDIENTE TRABAJANDO PARA TODOS,GUILLERMO QUISPE TORRES,HUANCAVELICA
68,50,MOVIMIENTO REGIONAL AGUA,,100.0,356,356,"23,816",00000050.jpg,36.763,31.222,08,04/10/2022,12:45 h,98.3425,80100,HUANCAVELICA,HUANCAVELICA,80100,MOVIMIENTO REGIONAL AGUA,RODOLFO JAIME ORTIZ ZUASNABAR,HUANCAVELICA
69,51,MOVIMIENTO REGIONAL AYNI,,100.0,356,356,"27,170",00000051.jpg,41.94,35.619,08,04/10/2022,12:45 h,98.3425,80100,HUANCAVELICA,HUANCAVELICA,80100,MOVIMIENTO REGIONAL AYNI,TORIBIO WILFREDO CASTRO CORNEJO,HUANCAVELICA
70,6,FUERZA POPULAR,,100.0,752,752,"1,860",00000006.jpg,1.314,1.118,09,04/10/2022,12:45 h,96.0409,90100,HUÁNUCO,HUÁNUCO,90100,FUERZA POPULAR,CESAR MILTON CAMPOS RAMIREZ,HUANUCO
71,3,RENOVACION POPULAR,,100.0,752,752,"1,931",00000003.jpg,1.365,1.161,09,04/10/2022,12:45 h,96.0409,90100,HUÁNUCO,HUÁNUCO,90100,RENOVACION POPULAR,AMED HUGO LOARTE SANTILLAN,HUANUCO
72,8,PARTIDO POLITICO NACIONAL PERU LIBRE,,100.0,752,752,"3,700",00000008.jpg,2.615,2.225,09,04/10/2022,12:45 h,96.0409,90100,HUÁNUCO,HUÁNUCO,90100,PARTIDO POLITICO NACIONAL PERU LIBRE,CONSTANTINO VIDAL GALEANO OCALIO,HUANUCO
73,2,PARTIDO DEMOCRATICO SOMOS PERU,,100.0,752,752,"7,822",00000002.jpg,5.527,4.703,09,04/10/2022,12:45 h,96.0409,90100,HUÁNUCO,HUÁNUCO,90100,PARTIDO DEMOCRATICO SOMOS PERU,JORGE LUIS ESCALANTE SOPLIN,HUANUCO
74,56,AVANZADA REGIONAL INDEPENDIENTE UNIDOS POR HUANUCO,,100.0,752,752,"8,576",00000056.jpg,6.06,5.156,09,04/10/2022,12:45 h,96.0409,90100,HUÁNUCO,HUÁNUCO,90100,AVANZADA REGIONAL INDEPENDIENTE UNIDOS POR HUANUCO,TEOBALDO ANTONIO TORRES VILLARREAL,HUANUCO
75,53,MOVIMIENTO POLITICO CAMBIEMOS X HCO,,100.0,752,752,"13,498",00000053.jpg,9.538,8.116,09,04/10/2022,12:45 h,96.0409,90100,HUÁNUCO,HUÁNUCO,90100,MOVIMIENTO POLITICO CAMBIEMOS X HCO,FELIX ASCENCIO CHAVEZ,HUANUCO
76,7,AVANZA PAIS - PARTIDO DE INTEGRACION SOCIAL,,100.0,752,752,"27,525",00000007.jpg,19.451,16.55,09,04/10/2022,12:45 h,96.0409,90100,HUÁNUCO,HUÁNUCO,90100,AVANZA PAIS - PARTIDO DE INTEGRACION SOCIAL,JOEL SIMEI CRUZ GUTIERREZ,HUANUCO
77,57,MOVIMIENTO INDEPENDIENTE REGIONAL HUANUCO PRIMERO,,100.0,752,752,"36,752",00000057.jpg,25.971,22.097,09,04/10/2022,12:45 h,96.0409,90100,HUÁNUCO,HUÁNUCO,90100,MOVIMIENTO INDEPENDIENTE REGIONAL HUANUCO PRIMERO,JESUS GILES ALIPAZAGA,HUANUCO
78,54,MOVIMIENTO INDEPENDIENTE REGIONAL MI BUEN VECINO,,100.0,752,752,"39,847",00000054.jpg,28.158,23.958,09,04/10/2022,12:45 h,96.0409,90100,HUÁNUCO,HUÁNUCO,90100,MOVIMIENTO INDEPENDIENTE REGIONAL MI BUEN VECINO,JUAN ANTONIO JARA GALLARDO,HUANUCO
79,1,ACCION POPULAR,,100.0,"1,008","1,008","7,795",00000001.jpg,3.696,3.243,10,04/10/2022,12:45 h,98.4375,100100,ICA,ICA,100100,ACCION POPULAR,MILTON NAVARRO GUILLEN,ICA
80,6,FUERZA POPULAR,,100.0,"1,008","1,008","7,949",00000006.jpg,3.769,3.307,10,04/10/2022,12:45 h,98.4375,100100,ICA,ICA,100100,FUERZA POPULAR,EDUARDO ENRIQUE OJEDA DAVILA,ICA
81,2,PARTIDO DEMOCRATICO SOMOS PERU,,100.0,"1,008","1,008","9,084",00000002.jpg,4.307,3.779,10,04/10/2022,12:45 h,98.4375,100100,ICA,ICA,100100,PARTIDO DEMOCRATICO SOMOS PERU,ORLANDO EFRAIN CHACALTANA DE LA CRUZ,ICA
82,9,PODEMOS PERU,,100.0,"1,008","1,008","15,903",00000009.jpg,7.54,6.615,10,04/10/2022,12:45 h,98.4375,100100,ICA,ICA,100100,PODEMOS PERU,CARLOS MANUEL EDMUNDO PRAELI ROJAS,ICA
83,3,RENOVACION POPULAR,,100.0,"1,008","1,008","22,110",00000003.jpg,10.483,9.197,10,04/10/2022,12:45 h,98.4375,100100,ICA,ICA,100100,RENOVACION POPULAR,JOSE CHOQUE GUTIERREZ,ICA
84,58,MOVIMIENTO REGIONAL OBRAS POR LA MODERNIDAD,,100.0,"1,008","1,008","37,733",00000058.jpg,17.891,15.696,10,04/10/2022,12:45 h,98.4375,100100,ICA,ICA,100100,MOVIMIENTO REGIONAL OBRAS POR LA MODERNIDAD,JOSE LUIS GALVEZ CHAVEZ,ICA
85,4,ALIANZA PARA EL PROGRESO,,100.0,"1,008","1,008","44,608",00000004.jpg,21.15,18.556,10,04/10/2022,12:45 h,98.4375,100100,ICA,ICA,100100,ALIANZA PARA EL PROGRESO,JULIO FREDY CONDORI FLORES,ICA
86,59,UNO POR ICA,,100.0,"1,008","1,008","65,727",00000059.jpg,31.164,27.341,10,04/10/2022,12:45 h,98.4375,100100,ICA,ICA,100100,UNO POR ICA,CARLOS HUMBERTO REYES ROQUE,ICA
87,11,PARTIDO FRENTE DE LA ESPERANZA 2021,,100.0,"1,466","1,466","4,563",00000011.jpg,1.589,1.367,11,04/10/2022,12:45 h,97.6032,110100,JUNÍN,JUNÍN,110100,PARTIDO FRENTE DE LA ESPERANZA 2021,FERNANDO CANALES HUAMAN,HUANCAYO
88,5,JUNTOS POR EL PERU,,100.0,"1,466","1,466","4,592",00000005.jpg,1.599,1.376,11,04/10/2022,12:45 h,97.6032,110100,JUNÍN,JUNÍN,110100,JUNTOS POR EL PERU,OSMAN EUCLIDES ILDEFONSO MUÑOZ,HUANCAYO
89,10,PARTIDO MORADO,,100.0,"1,466","1,466","4,677",00000010.jpg,1.628,1.402,11,04/10/2022,12:45 h,97.6032,110100,JUNÍN,JUNÍN,110100,PARTIDO MORADO,JOSE JURADO VERA,HUANCAYO
90,65,MOVIMIENTO REGIONAL BLOQUE POPULAR JUNIN,,100.0,"1,466","1,466","5,342",00000065.jpg,1.86,1.601,11,04/10/2022,12:45 h,97.6032,110100,JUNÍN,JUNÍN,110100,MOVIMIENTO REGIONAL BLOQUE POPULAR JUNIN,JESUS ARMANDO CONTRERAS LAZO,HUANCAYO
91,64,CORAZON PATRIOTA,,100.0,"1,466","1,466","7,981",00000064.jpg,2.778,2.392,11,04/10/2022,12:45 h,97.6032,110100,JUNÍN,JUNÍN,110100,CORAZON PATRIOTA,EMILIO ANTONIO CAPCHA MANDUJANO,HUANCAYO
92,3,RENOVACION POPULAR,,100.0,"1,466","1,466","7,984",00000003.jpg,2.779,2.393,11,04/10/2022,12:45 h,97.6032,110100,JUNÍN,JUNÍN,110100,RENOVACION POPULAR,MANUEL JESUS ARTEAGA MATOS,HUANCAYO
93,8,PARTIDO POLITICO NACIONAL PERU LIBRE,,100.0,"1,466","1,466","13,885",00000008.jpg,4.834,4.161,11,04/10/2022,12:45 h,97.6032,110100,JUNÍN,JUNÍN,110100,PARTIDO POLITICO NACIONAL PERU LIBRE,LUIS CARLOS DE LA CRUZ SULLCA,HUANCAYO
94,63,JUNIN SOSTENIBLE CON SU GENTE,,100.0,"1,466","1,466","13,924",00000063.jpg,4.847,4.173,11,04/10/2022,12:45 h,97.6032,110100,JUNÍN,JUNÍN,110100,JUNIN SOSTENIBLE CON SU GENTE,MOISES BARTOLOME GUIA PIANTO,HUANCAYO
95,1,ACCION POPULAR,,100.0,"1,466","1,466","20,875",00000001.jpg,7.267,6.256,11,04/10/2022,12:45 h,97.6032,110100,JUNÍN,JUNÍN,110100,ACCION POPULAR,MIRIAM RUTH GAVINO FERNANDEZ,HUANCAYO
96,4,ALIANZA PARA EL PROGRESO,,100.0,"1,466","1,466","23,405",00000004.jpg,8.148,7.014,11,04/10/2022,12:45 h,97.6032,110100,JUNÍN,JUNÍN,110100,ALIANZA PARA EL PROGRESO,JULIO CESAR DE LA ROSA LUJAN,HUANCAYO
97,62,JUNIN RENACE,,100.0,"1,466","1,466","42,983",00000062.jpg,14.964,12.881,11,04/10/2022,12:45 h,97.6032,110100,JUNÍN,JUNÍN,110100,JUNIN RENACE,JUAN CARLOS ARREDONDO MAYTA,HUANCAYO
98,60,CAMINEMOS JUNTOS POR JUNIN,,100.0,"1,466","1,466","58,077",00000060.jpg,20.219,17.405,11,04/10/2022,12:45 h,97.6032,110100,JUNÍN,JUNÍN,110100,CAMINEMOS JUNTOS POR JUNIN,EMERSON NOLASCO DELGADO,HUANCAYO
99,61,MOVIMIENTO REGIONAL SIERRA Y SELVA CONTIGO JUNIN,,100.0,"1,466","1,466","78,958",00000061.jpg,27.488,23.663,11,04/10/2022,12:45 h,97.6032,110100,JUNÍN,JUNÍN,110100,MOVIMIENTO REGIONAL SIERRA Y SELVA CONTIGO JUNIN,DENNYS MERCURIO CUBA RIVERA,HUANCAYO
100,8,PARTIDO POLITICO NACIONAL PERU LIBRE,,100.0,"2,638","2,638","5,029",00000008.jpg,0.95,0.836,12,04/10/2022,12:45 h,98.4328,120100,LA LIBERTAD,LA LIBERTAD,120100,PARTIDO POLITICO NACIONAL PERU LIBRE,ROGGER ABEL TABOADA RODRIGUEZ,TRUJILLO
101,11,PARTIDO FRENTE DE LA ESPERANZA 2021,,100.0,"2,638","2,638","5,218",00000011.jpg,0.986,0.867,12,04/10/2022,12:45 h,98.4328,120100,LA LIBERTAD,LA LIBERTAD,120100,PARTIDO FRENTE DE LA ESPERANZA 2021,ISIDRO NARCIZO PRETELL ALVAREZ,TRUJILLO
102,6,FUERZA POPULAR,,100.0,"2,638","2,638","10,832",00000006.jpg,2.047,1.8,12,04/10/2022,12:45 h,98.4328,120100,LA LIBERTAD,LA LIBERTAD,120100,FUERZA POPULAR,JORGE LUIS SALVADOR VILLACORTA,TRUJILLO
103,7,AVANZA PAIS - PARTIDO DE INTEGRACION SOCIAL,,100.0,"2,638","2,638","18,422",00000007.jpg,3.482,3.061,12,04/10/2022,12:45 h,98.4328,120100,LA LIBERTAD,LA LIBERTAD,120100,AVANZA PAIS - PARTIDO DE INTEGRACION SOCIAL,MANUEL ALEJANDRO MONTOYA CARDENAS,TRUJILLO
104,67,SUMATE,,100.0,"2,638","2,638","21,687",00000067.jpg,4.099,3.604,12,04/10/2022,12:45 h,98.4328,120100,LA LIBERTAD,LA LIBERTAD,120100,SUMATE,VICTOR HUGO DEL CARPIO SEDANO,TRUJILLO
105,66,NUEVA LIBERTAD,,100.0,"2,638","2,638","26,298",00000066.jpg,4.97,4.37,12,04/10/2022,12:45 h,98.4328,120100,LA LIBERTAD,LA LIBERTAD,120100,NUEVA LIBERTAD,ELSA CABRERA ORDOÑEZ,TRUJILLO
106,68,MOVIMIENTO REGIONAL FORTALEZA PERU,,100.0,"2,638","2,638","28,307",00000068.jpg,5.35,4.704,12,04/10/2022,12:45 h,98.4328,120100,LA LIBERTAD,LA LIBERTAD,120100,MOVIMIENTO REGIONAL FORTALEZA PERU,VERONICA DEL SOCORRO TORRES BRAVO,TRUJILLO
107,3,RENOVACION POPULAR,,100.0,"2,638","2,638","31,845",00000003.jpg,6.018,5.292,12,04/10/2022,12:45 h,98.4328,120100,LA LIBERTAD,LA LIBERTAD,120100,RENOVACION POPULAR,CARLOS ENRIQUE CALDERON CARVAJAL,TRUJILLO
108,69,MOVIMIENTO REGIONAL TRABAJO MAS TRABAJO,,100.0,"2,638","2,638","82,365",00000069.jpg,15.566,13.688,12,04/10/2022,12:45 h,98.4328,120100,LA LIBERTAD,LA LIBERTAD,120100,MOVIMIENTO REGIONAL TRABAJO MAS TRABAJO,MARTIN ALFONSO SIFUENTES PALACIOS,TRUJILLO
109,4,ALIANZA PARA EL PROGRESO,,100.0,"2,638","2,638","113,456",00000004.jpg,21.442,18.855,12,04/10/2022,12:45 h,98.4328,120100,LA LIBERTAD,LA LIBERTAD,120100,ALIANZA PARA EL PROGRESO,JOSE PRUDENCIO RUIZ VEGA,TRUJILLO
110,2,PARTIDO DEMOCRATICO SOMOS PERU,,100.0,"2,638","2,638","185,661",00000002.jpg,35.089,30.854,12,04/10/2022,12:45 h,98.4328,120100,LA LIBERTAD,LA LIBERTAD,120100,PARTIDO DEMOCRATICO SOMOS PERU,CESAR ARTURO FERNANDEZ BAZAN,TRUJILLO
111,141,PARTIDO PATRIOTICO DEL PERU,,100.0,"2,232","2,232","1,491",00000141.jpg,0.343,0.291,13,04/10/2022,12:45 h,98.3260,130100,LAMBAYEQUE,LAMBAYEQUE,130100,PARTIDO PATRIOTICO DEL PERU,RONAL DESIDERIO AGREDA BERMUDEZ,CHICLAYO
112,71,MOVIMIENTO VERDE UNIDO,,100.0,"2,232","2,232","6,288",00000071.jpg,1.447,1.229,13,04/10/2022,12:45 h,98.3260,130100,LAMBAYEQUE,LAMBAYEQUE,130100,MOVIMIENTO VERDE UNIDO,MANUEL JESUS ARELLANO RUIZ,CHICLAYO
113,3,RENOVACION POPULAR,,100.0,"2,232","2,232","14,479",00000003.jpg,3.333,2.83,13,04/10/2022,12:45 h,98.3260,130100,LAMBAYEQUE,LAMBAYEQUE,130100,RENOVACION POPULAR,JUAN GERMAN AURICH ZOOGER,CHICLAYO
114,8,PARTIDO POLITICO NACIONAL PERU LIBRE,,100.0,"2,232","2,232","17,641",00000008.jpg,4.061,3.448,13,04/10/2022,12:45 h,98.3260,130100,LAMBAYEQUE,LAMBAYEQUE,130100,PARTIDO POLITICO NACIONAL PERU LIBRE,ANTERO HUMBERTO MONSALVE GONZALEZ,CHICLAYO
115,11,PARTIDO FRENTE DE LA ESPERANZA 2021,,100.0,"2,232","2,232","20,636",00000011.jpg,4.75,4.033,13,04/10/2022,12:45 h,98.3260,130100,LAMBAYEQUE,LAMBAYEQUE,130100,PARTIDO FRENTE DE LA ESPERANZA 2021,FERNANDO ANTONIO CARPIO CUBAS,CHICLAYO
116,1,ACCION POPULAR,,100.0,"2,232","2,232","26,659",00000001.jpg,6.137,5.211,13,04/10/2022,12:45 h,98.3260,130100,LAMBAYEQUE,LAMBAYEQUE,130100,ACCION POPULAR,CARMELO JESUS COCI OTOYA,CHICLAYO
117,70,MOVIMIENTO REGIONAL CONSTRUYENDO,,100.0,"2,232","2,232","44,998",00000070.jpg,10.358,8.795,13,04/10/2022,12:45 h,98.3260,130100,LAMBAYEQUE,LAMBAYEQUE,130100,MOVIMIENTO REGIONAL CONSTRUYENDO,OSCAR LUIS CARPENA RECOBA,CHICLAYO
118,7,AVANZA PAIS - PARTIDO DE INTEGRACION SOCIAL,,100.0,"2,232","2,232","46,516",00000007.jpg,10.708,9.092,13,04/10/2022,12:45 h,98.3260,130100,LAMBAYEQUE,LAMBAYEQUE,130100,AVANZA PAIS - PARTIDO DE INTEGRACION SOCIAL,LUIS FELIPE ROMERO PEÑA,CHICLAYO
119,6,FUERZA POPULAR,,100.0,"2,232","2,232","48,913",00000006.jpg,11.26,9.56,13,04/10/2022,12:45 h,98.3260,130100,LAMBAYEQUE,LAMBAYEQUE,130100,FUERZA POPULAR,RAFAEL ANTONIO AITA CAMPODONICO,CHICLAYO
120,2,PARTIDO DEMOCRATICO SOMOS PERU,,100.0,"2,232","2,232","56,746",00000002.jpg,13.063,11.091,13,04/10/2022,12:45 h,98.3260,130100,LAMBAYEQUE,LAMBAYEQUE,130100,PARTIDO DEMOCRATICO SOMOS PERU,MIGUEL ANGEL BARTRA GROSSO,CHICLAYO
121,4,ALIANZA PARA EL PROGRESO,,100.0,"2,232","2,232","61,228",00000004.jpg,14.094,11.967,13,04/10/2022,12:45 h,98.3260,130100,LAMBAYEQUE,LAMBAYEQUE,130100,ALIANZA PARA EL PROGRESO,ANTONIO URIARTE GONZALES,CHICLAYO
122,5,JUNTOS POR EL PERU,,100.0,"2,232","2,232","88,819",00000005.jpg,20.446,17.36,13,04/10/2022,12:45 h,98.3260,130100,LAMBAYEQUE,LAMBAYEQUE,130100,JUNTOS POR EL PERU,JANET ISABEL CUBAS CARRANZA,CHICLAYO
123,8,PARTIDO POLITICO NACIONAL PERU LIBRE,,100.0,"24,728","24,728","76,937",00000008.jpg,1.474,1.322,14,04/10/2022,12:45 h,97.5002,140100,LIMA,LIMA,140100,PARTIDO POLITICO NACIONAL PERU LIBRE,YURI CESAR CASTRO ROMERO,LIMA
124,7,AVANZA PAIS - PARTIDO DE INTEGRACION SOCIAL,,100.0,"24,728","24,728","183,097",00000007.jpg,3.507,3.146,14,04/10/2022,12:45 h,97.5002,140100,LIMA,LIMA,140100,AVANZA PAIS - PARTIDO DE INTEGRACION SOCIAL,LUIS ALFONSO MOLINA ARLES,LIMA
125,5,JUNTOS POR EL PERU,,100.0,"24,728","24,728","333,387",00000005.jpg,6.386,5.729,14,04/10/2022,12:45 h,97.5002,140100,LIMA,LIMA,140100,JUNTOS POR EL PERU,GONZALO RICARDO ALEGRIA VARONA,LIMA
126,4,ALIANZA PARA EL PROGRESO,,100.0,"24,728","24,728","371,198",00000004.jpg,7.11,6.378,14,04/10/2022,12:45 h,97.5002,140100,LIMA,LIMA,140100,ALIANZA PARA EL PROGRESO,OMAR KARIM CHEHADE MOYA,LIMA
127,11,PARTIDO FRENTE DE LA ESPERANZA 2021,,100.0,"24,728","24,728","570,435",00000011.jpg,10.926,9.802,14,04/10/2022,12:45 h,97.5002,140100,LIMA,LIMA,140100,PARTIDO FRENTE DE LA ESPERANZA 2021,ELIZABETH MARIA DEL ROSARIO LEON CHINCHAY,LIMA
128,2,PARTIDO DEMOCRATICO SOMOS PERU,,100.0,"24,728","24,728","988,575",00000002.jpg,18.935,16.987,14,04/10/2022,12:45 h,97.5002,140100,LIMA,LIMA,140100,PARTIDO DEMOCRATICO SOMOS PERU,GEORGE PATRICK FORSYTH SOMMER,LIMA
129,9,PODEMOS PERU,,100.0,"24,728","24,728","1,324,732",00000009.jpg,25.373,22.763,14,04/10/2022,12:45 h,97.5002,140100,LIMA,LIMA,140100,PODEMOS PERU,DANIEL BELIZARIO URRESTI ELERA,LIMA
130,3,RENOVACION POPULAR,,100.0,"24,728","24,728","1,372,572",00000003.jpg,26.29,23.585,14,04/10/2022,12:45 h,97.5002,140100,LIMA,LIMA,140100,RENOVACION POPULAR,RAFAEL BERNARDO LOPEZ ALIAGA CAZORLA,LIMA
131,9,PODEMOS PERU,,100.0,"1,162","1,162",727,00000009.jpg,0.361,0.313,15,04/10/2022,12:45 h,90.9945,150100,LORETO,LORETO,150100,PODEMOS PERU,OSCAR DEAN MORILLAS SILVA,MAYNAS
132,1,ACCION POPULAR,,100.0,"1,162","1,162","1,372",00000001.jpg,0.682,0.591,15,04/10/2022,12:45 h,90.9945,150100,LORETO,LORETO,150100,ACCION POPULAR,HERNANDO PIZARRO GARCIA,MAYNAS
133,8,PARTIDO POLITICO NACIONAL PERU LIBRE,,100.0,"1,162","1,162","1,481",00000008.jpg,0.736,0.638,15,04/10/2022,12:45 h,90.9945,150100,LORETO,LORETO,150100,PARTIDO POLITICO NACIONAL PERU LIBRE,ERNESTO CONCHA LA TORRE,MAYNAS
134,6,FUERZA POPULAR,,100.0,"1,162","1,162","2,286",00000006.jpg,1.137,0.985,15,04/10/2022,12:45 h,90.9945,150100,LORETO,LORETO,150100,FUERZA POPULAR,MANUEL ENRIQUE PANDURO RENGIFO,MAYNAS
135,76,JUNTOS POR LORETO,,100.0,"1,162","1,162","4,155",00000076.jpg,2.066,1.79,15,04/10/2022,12:45 h,90.9945,150100,LORETO,LORETO,150100,JUNTOS POR LORETO,ANTONIO RIOS CRISOSTOMO,MAYNAS
136,10000080,MISION ORGANIZADA VIA INTEGRIDAD Y LIBERTAD,,100.0,"1,162","1,162","6,170",10000080.jpg,3.068,2.659,15,04/10/2022,12:45 h,90.9945,150100,LORETO,LORETO,150100,MISION ORGANIZADA VIA INTEGRIDAD Y LIBERTAD,VIVIANA LIZETH AMPUERO FERREIRA DE TAFUR,MAYNAS
137,161,LORETO PARA TODOS,,100.0,"1,162","1,162","10,423",00000161.jpg,5.182,4.491,15,04/10/2022,12:45 h,90.9945,150100,LORETO,LORETO,150100,LORETO PARA TODOS,JOAQUIN ESTANISLAO GARCIA DE FREITAS,MAYNAS
138,4,ALIANZA PARA EL PROGRESO,,100.0,"1,162","1,162","14,668",00000004.jpg,7.293,6.32,15,04/10/2022,12:45 h,90.9945,150100,LORETO,LORETO,150100,ALIANZA PARA EL PROGRESO,PATRICIA GIOVANNA URQUIZO BERGER,MAYNAS
139,75,MOVIMIENTO INDEPENDIENTE LORETO - MI LORETO,,100.0,"1,162","1,162","21,970",00000075.jpg,10.924,9.466,15,04/10/2022,12:45 h,90.9945,150100,LORETO,LORETO,150100,MOVIMIENTO INDEPENDIENTE LORETO - MI LORETO,JORGE LUIS MONASI FRANCO,MAYNAS
140,79,MOVIMIENTO INDEPENDIENTE REIVINDIQUEMOS LORETO,,100.0,"1,162","1,162","26,844",00000079.jpg,13.347,11.566,15,04/10/2022,12:45 h,90.9945,150100,LORETO,LORETO,150100,MOVIMIENTO INDEPENDIENTE REIVINDIQUEMOS LORETO,RICHARD ARTURO VASQUEZ SALAZAR,MAYNAS
141,78,MOVIMIENTO ESPERANZA REGION AMAZONICA,,100.0,"1,162","1,162","48,457",00000078.jpg,24.094,20.879,15,04/10/2022,12:45 h,90.9945,150100,LORETO,LORETO,150100,MOVIMIENTO ESPERANZA REGION AMAZONICA,ROGER CRISTOBAL GRONERTH PINEDO,MAYNAS
142,2,PARTIDO DEMOCRATICO SOMOS PERU,,100.0,"1,162","1,162","62,567",00000002.jpg,31.109,26.959,15,04/10/2022,12:45 h,90.9945,150100,LORETO,LORETO,150100,PARTIDO DEMOCRATICO SOMOS PERU,GERMAN VLADIMIR CHONG RIOS,MAYNAS
143,2,PARTIDO DEMOCRATICO SOMOS PERU,,100.0,336,336,"1,900",00000002.jpg,3.006,2.555,16,04/10/2022,12:45 h,99.1150,160100,MADRE DE DIOS,MADRE DE DIOS,160100,PARTIDO DEMOCRATICO SOMOS PERU,JUAN CARLOS MAMANI MURRIETA,TAMBOPATA
144,3,RENOVACION POPULAR,,100.0,336,336,"2,031",00000003.jpg,3.213,2.732,16,04/10/2022,12:45 h,99.1150,160100,MADRE DE DIOS,MADRE DE DIOS,160100,RENOVACION POPULAR,ALVARO TONINO GUTIERREZ VELA,TAMBOPATA
145,4,ALIANZA PARA EL PROGRESO,,100.0,336,336,"3,717",00000004.jpg,5.88,4.999,16,04/10/2022,12:45 h,99.1150,160100,MADRE DE DIOS,MADRE DE DIOS,160100,ALIANZA PARA EL PROGRESO,NILS DERCY RUIZ SILVA,TAMBOPATA
146,9,PODEMOS PERU,,100.0,336,336,"4,069",00000009.jpg,6.437,5.473,16,04/10/2022,12:45 h,99.1150,160100,MADRE DE DIOS,MADRE DE DIOS,160100,PODEMOS PERU,ELVIS JUNIOR CUTIPA PARI,TAMBOPATA
147,8,PARTIDO POLITICO NACIONAL PERU LIBRE,,100.0,336,336,"5,696",00000008.jpg,9.01,7.661,16,04/10/2022,12:45 h,99.1150,160100,MADRE DE DIOS,MADRE DE DIOS,160100,PARTIDO POLITICO NACIONAL PERU LIBRE,GERSON JORDAN RIVASPLATA FLORES,TAMBOPATA
148,83,MOVIMIENTO REGIONAL FUERZA POR MADRE DE DIOS - MR FMDD,,100.0,336,336,"8,531",00000083.jpg,13.495,11.474,16,04/10/2022,12:45 h,99.1150,160100,MADRE DE DIOS,MADRE DE DIOS,160100,MOVIMIENTO REGIONAL FUERZA POR MADRE DE DIOS - MR FMDD,WILIAN QUISPE LAYME,TAMBOPATA
149,10000081,MOVIMIENTO INDEPENDIENTE AMOR POR MADRE DE DIOS,,100.0,336,336,"18,292",10000081.jpg,28.935,24.602,16,04/10/2022,12:45 h,99.1150,160100,MADRE DE DIOS,MADRE DE DIOS,160100,MOVIMIENTO INDEPENDIENTE AMOR POR MADRE DE DIOS,MARIA LUZ MIRANDA BALAREZO,TAMBOPATA
150,7,AVANZA PAIS - PARTIDO DE INTEGRACION SOCIAL,,100.0,336,336,"18,981",00000007.jpg,30.025,25.529,16,04/10/2022,12:45 h,99.1150,160100,MADRE DE DIOS,MADRE DE DIOS,160100,AVANZA PAIS - PARTIDO DE INTEGRACION SOCIAL,LUIS ALBERTO BOCANGEL RAMIREZ,TAMBOPATA
151,10,PARTIDO MORADO,,100.0,246,246,709,00000010.jpg,1.408,1.202,17,04/10/2022,12:45 h,98.7952,170100,MOQUEGUA,MOQUEGUA,170100,PARTIDO MORADO,RENZO RODRIGO IGOR HURTADO OCAÑA,MARISCAL NIETO
152,88,NUESTRO ILO - MOQUEGUA - SANCHEZ CERRO,,100.0,246,246,787,00000088.jpg,1.563,1.335,17,04/10/2022,12:45 h,98.7952,170100,MOQUEGUA,MOQUEGUA,170100,NUESTRO ILO - MOQUEGUA - SANCHEZ CERRO,CARLOS ANTONIO RIVERA BECERRA,MARISCAL NIETO
153,11,PARTIDO FRENTE DE LA ESPERANZA 2021,,100.0,246,246,"1,914",00000011.jpg,3.802,3.246,17,04/10/2022,12:45 h,98.7952,170100,MOQUEGUA,MOQUEGUA,170100,PARTIDO FRENTE DE LA ESPERANZA 2021,MARCOS NOEL CALIZAYA PINTO,MARISCAL NIETO
154,89,MOVIMIENTO POLITICO REGIONAL SUMATE AL CAMBIO,,100.0,246,246,"1,976",00000089.jpg,3.925,3.351,17,04/10/2022,12:45 h,98.7952,170100,MOQUEGUA,MOQUEGUA,170100,MOVIMIENTO POLITICO REGIONAL SUMATE AL CAMBIO,JASSON ANDRES ZUÑIGA PACHO,MARISCAL NIETO
155,5,JUNTOS POR EL PERU,,100.0,246,246,"20,113",00000005.jpg,39.95,34.109,17,04/10/2022,12:45 h,98.7952,170100,MOQUEGUA,MOQUEGUA,170100,JUNTOS POR EL PERU,PEDRO JUAN TITO CALIZAYA,MARISCAL NIETO
156,4,ALIANZA PARA EL PROGRESO,,100.0,246,246,"24,847",00000004.jpg,49.352,42.137,17,04/10/2022,12:45 h,98.7952,170100,MOQUEGUA,MOQUEGUA,170100,ALIANZA PARA EL PROGRESO,JOHN LARRY COAYLA,MARISCAL NIETO
157,4,ALIANZA PARA EL PROGRESO,,100.0,358,358,"1,623",00000004.jpg,2.564,2.182,18,04/10/2022,12:45 h,98.6226,180100,PASCO,PASCO,180100,ALIANZA PARA EL PROGRESO,LUIS COLQUI SALOME,PASCO
158,91,PASCO UNIDO,,100.0,358,358,"3,562",00000091.jpg,5.627,4.79,18,04/10/2022,12:45 h,98.6226,180100,PASCO,PASCO,180100,PASCO UNIDO,JUAN MANUEL NEGRETE CARHUARICRA,PASCO
159,8,PARTIDO POLITICO NACIONAL PERU LIBRE,,100.0,358,358,"3,914",00000008.jpg,6.183,5.263,18,04/10/2022,12:45 h,98.6226,180100,PASCO,PASCO,180100,PARTIDO POLITICO NACIONAL PERU LIBRE,ISAAC RAUL HUAMALI SANCHEZ,PASCO
160,92,MOVIMIENTO REGIONAL JUVENTUD PASQUEÑA,,100.0,358,358,"5,653",00000092.jpg,8.93,7.601,18,04/10/2022,12:45 h,98.6226,180100,PASCO,PASCO,180100,MOVIMIENTO REGIONAL JUVENTUD PASQUEÑA,ELHYN CIRO CARRANZA DE LA ROSA,PASCO
161,11,PARTIDO FRENTE DE LA ESPERANZA 2021,,100.0,358,358,"7,485",00000011.jpg,11.824,10.065,18,04/10/2022,12:45 h,98.6226,180100,PASCO,PASCO,180100,PARTIDO FRENTE DE LA ESPERANZA 2021,ENOS ESCALANTE PAULINO,PASCO
162,9,PODEMOS PERU,,100.0,358,358,"8,491",00000009.jpg,13.413,11.418,18,04/10/2022,12:45 h,98.6226,180100,PASCO,PASCO,180100,PODEMOS PERU,JOEL GERSON CAMONES MEDRANO,PASCO
163,93,PASCO VERDE,,100.0,358,358,"8,670",00000093.jpg,13.696,11.658,18,04/10/2022,12:45 h,98.6226,180100,PASCO,PASCO,180100,PASCO VERDE,DARWIN ELVIS CHAVEZ MAURICIO,PASCO
164,94,PASCO DIGNIDAD,,100.0,358,358,"11,240",00000094.jpg,17.756,15.114,18,04/10/2022,12:45 h,98.6226,180100,PASCO,PASCO,180100,PASCO DIGNIDAD,AMANDA LOPEZ GAMARRA,PASCO
165,2,PARTIDO DEMOCRATICO SOMOS PERU,,100.0,358,358,"12,665",00000002.jpg,20.007,17.03,18,04/10/2022,12:45 h,98.6226,180100,PASCO,PASCO,180100,PARTIDO DEMOCRATICO SOMOS PERU,JULIO CESAR RUPAY MALPARTIDA,PASCO
166,3,RENOVACION POPULAR,,100.0,"1,887","1,887","6,267",00000003.jpg,1.706,1.408,19,04/10/2022,12:45 h,94.7289,190100,PIURA,PIURA,190100,RENOVACION POPULAR,JOSE DAGOBERTO MELGAR JIMENEZ,PIURA
167,11,PARTIDO FRENTE DE LA ESPERANZA 2021,,100.0,"1,887","1,887","8,339",00000011.jpg,2.271,1.874,19,04/10/2022,12:45 h,94.7289,190100,PIURA,PIURA,190100,PARTIDO FRENTE DE LA ESPERANZA 2021,WALTER JESUS FERNANDEZ PEÑA,PIURA
168,9,PODEMOS PERU,,100.0,"1,887","1,887","9,104",00000009.jpg,2.479,2.046,19,04/10/2022,12:45 h,94.7289,190100,PIURA,PIURA,190100,PODEMOS PERU,JAVIER FERNANDO MIGUEL ATKINS LERGGIOS,PIURA
169,6,FUERZA POPULAR,,100.0,"1,887","1,887","11,292",00000006.jpg,3.075,2.537,19,04/10/2022,12:45 h,94.7289,190100,PIURA,PIURA,190100,FUERZA POPULAR,JUAN CARLOS RUIZ VALENCIA,PIURA
170,99,PIURA RENACE,,100.0,"1,887","1,887","15,324",00000099.jpg,4.173,3.444,19,04/10/2022,12:45 h,94.7289,190100,PIURA,PIURA,190100,PIURA RENACE,INGRID MILAGROS WIESSE LEON,PIURA
171,95,MOVIMIENTO INDEPENDIENTE FUERZA REGIONAL,,100.0,"1,887","1,887","32,397",00000095.jpg,8.822,7.28,19,04/10/2022,12:45 h,94.7289,190100,PIURA,PIURA,190100,MOVIMIENTO INDEPENDIENTE FUERZA REGIONAL,SEGUNDO LUCIANO VALDIVIEZO RODRIGUEZ,PIURA
172,4,ALIANZA PARA EL PROGRESO,,100.0,"1,887","1,887","35,622",00000004.jpg,9.7,8.005,19,04/10/2022,12:45 h,94.7289,190100,PIURA,PIURA,190100,ALIANZA PARA EL PROGRESO,FELIX SEE HUNG CHANG APUY,PIURA
173,97,REGION PARA TODOS,,100.0,"1,887","1,887","49,844",00000097.jpg,13.572,11.201,19,04/10/2022,12:45 h,94.7289,190100,PIURA,PIURA,190100,REGION PARA TODOS,LUIS GUILLERMO MARTIN CASTRO PEREZ,PIURA
174,2,PARTIDO DEMOCRATICO SOMOS PERU,,100.0,"1,887","1,887","51,879",00000002.jpg,14.126,11.658,19,04/10/2022,12:45 h,94.7289,190100,PIURA,PIURA,190100,PARTIDO DEMOCRATICO SOMOS PERU,JOSE ELIAS AGUILAR SILVA,PIURA
175,96,CONTIGO REGION,,100.0,"1,887","1,887","59,575",00000096.jpg,16.222,13.387,19,04/10/2022,12:45 h,94.7289,190100,PIURA,PIURA,190100,CONTIGO REGION,JOSE LUIS MOREY REQUEJO,PIURA
176,98,ORGANIZACION POLITICA UNIDAD REGIONAL,,100.0,"1,887","1,887","87,607",00000098.jpg,23.855,19.687,19,04/10/2022,12:45 h,94.7289,190100,PIURA,PIURA,190100,ORGANIZACION POLITICA UNIDAD REGIONAL,GABRIEL ANTONIO MADRID ORUE,PIURA
177,9,PODEMOS PERU,,100.0,614,614,"1,263",00000009.jpg,1.008,0.85,20,04/10/2022,12:45 h,98.2400,200100,PUNO,PUNO,200100,PODEMOS PERU,JUAN IBER MALDONADO RODRIGUEZ,PUNO
178,11,PARTIDO FRENTE DE LA ESPERANZA 2021,,100.0,614,614,"1,983",00000011.jpg,1.582,1.335,20,04/10/2022,12:45 h,98.2400,200100,PUNO,PUNO,200100,PARTIDO FRENTE DE LA ESPERANZA 2021,LUCIO TICONA CARRIZALES,PUNO
179,1,ACCION POPULAR,,100.0,614,614,"2,274",00000001.jpg,1.815,1.531,20,04/10/2022,12:45 h,98.2400,200100,PUNO,PUNO,200100,ACCION POPULAR,ABEL AMERICO NUÑEZ MIRAVAL,PUNO
180,8,PARTIDO POLITICO NACIONAL PERU LIBRE,,100.0,614,614,"5,756",00000008.jpg,4.593,3.876,20,04/10/2022,12:45 h,98.2400,200100,PUNO,PUNO,200100,PARTIDO POLITICO NACIONAL PERU LIBRE,NANCY ROSSEL ANGLES,PUNO
181,100,FRENTE AMPLIO PARA EL DESARROLLO DEL PUEBLO,,100.0,614,614,"6,911",00000100.jpg,5.515,4.653,20,04/10/2022,12:45 h,98.2400,200100,PUNO,PUNO,200100,FRENTE AMPLIO PARA EL DESARROLLO DEL PUEBLO,ESTANISLAO EDGAR MANCHA PINEDA,PUNO
182,102,MOVIMIENTO DE INTEGRACION Y REVOLUCION ANDINA,,100.0,614,614,"10,998",00000102.jpg,8.776,7.405,20,04/10/2022,12:45 h,98.2400,200100,PUNO,PUNO,200100,MOVIMIENTO DE INTEGRACION Y REVOLUCION ANDINA,FREDY ADIMIR SOSA QUISPE,PUNO
183,103,MORAL Y DESARROLLO,,100.0,614,614,"11,866",00000103.jpg,9.469,7.99,20,04/10/2022,12:45 h,98.2400,200100,PUNO,PUNO,200100,MORAL Y DESARROLLO,ALDER JHOSUE QUISPE PANCA,PUNO
184,109,POR LAS COMUNIDADES FUENTE DE INTEGRACION ANDINA DE PUNO - CONFIA - PUNO,,100.0,614,614,"20,297",00000109.jpg,16.196,13.667,20,04/10/2022,12:45 h,98.2400,200100,PUNO,PUNO,200100,POR LAS COMUNIDADES FUENTE DE INTEGRACION ANDINA DE PUNO - CONFIA - PUNO,JORGE ANTONIO ZUÑIGA PINEDA,PUNO
185,101,PODER ANDINO,,100.0,614,614,"21,417",00000101.jpg,17.09,14.421,20,04/10/2022,12:45 h,98.2400,200100,PUNO,PUNO,200100,PODER ANDINO,MARIANO EUTROPIO PORTUGAL CATACORA,PUNO
186,105,REFORMA Y HONRADEZ POR MAS OBRAS,,100.0,614,614,"42,555",00000105.jpg,33.957,28.653,20,04/10/2022,12:45 h,98.2400,200100,PUNO,PUNO,200100,REFORMA Y HONRADEZ POR MAS OBRAS,JAVIER PONCE ROQUE,PUNO
187,5,JUNTOS POR EL PERU,,100.0,336,336,254,00000005.jpg,0.402,0.351,21,04/10/2022,12:45 h,98.5337,210100,SAN MARTÍN,SAN MARTÍN,210100,JUNTOS POR EL PERU,FIDEL TORRES NAVARRO,MOYOBAMBA
188,11,PARTIDO FRENTE DE LA ESPERANZA 2021,,100.0,336,336,370,00000011.jpg,0.585,0.511,21,04/10/2022,12:45 h,98.5337,210100,SAN MARTÍN,SAN MARTÍN,210100,PARTIDO FRENTE DE LA ESPERANZA 2021,NILSA RODRIGUEZ BROWN,MOYOBAMBA
189,6,FUERZA POPULAR,,100.0,336,336,"1,178",00000006.jpg,1.863,1.627,21,04/10/2022,12:45 h,98.5337,210100,SAN MARTÍN,SAN MARTÍN,210100,FUERZA POPULAR,CESAR AUGUSTO AREVALO LOPEZ,MOYOBAMBA
190,185,ACCION REGIONAL,,100.0,336,336,"1,422",00000185.jpg,2.249,1.964,21,04/10/2022,12:45 h,98.5337,210100,SAN MARTÍN,SAN MARTÍN,210100,ACCION REGIONAL,EMILIO SHICA CABRERA,MOYOBAMBA
191,7,AVANZA PAIS - PARTIDO DE INTEGRACION SOCIAL,,100.0,336,336,"11,518",00000007.jpg,18.22,15.905,21,04/10/2022,12:45 h,98.5337,210100,SAN MARTÍN,SAN MARTÍN,210100,AVANZA PAIS - PARTIDO DE INTEGRACION SOCIAL,ANASTACIO SILVA VASQUEZ,MOYOBAMBA
192,4,ALIANZA PARA EL PROGRESO,,100.0,336,336,"12,627",00000004.jpg,19.974,17.436,21,04/10/2022,12:45 h,98.5337,210100,SAN MARTÍN,SAN MARTÍN,210100,ALIANZA PARA EL PROGRESO,OSWALDO JIMENEZ SALAS,MOYOBAMBA
193,2,PARTIDO DEMOCRATICO SOMOS PERU,,100.0,336,336,"13,368",00000002.jpg,21.146,18.459,21,04/10/2022,12:45 h,98.5337,210100,SAN MARTÍN,SAN MARTÍN,210100,PARTIDO DEMOCRATICO SOMOS PERU,ADLER ANTONIO OLIVA CHICANA,MOYOBAMBA
194,112,UNION REGIONAL,,100.0,336,336,"22,480",00000112.jpg,35.56,31.042,21,04/10/2022,12:45 h,98.5337,210100,SAN MARTÍN,SAN MARTÍN,210100,UNION REGIONAL,ERNESTO PEÑA ROBALINO,MOYOBAMBA
195,2,PARTIDO DEMOCRATICO SOMOS PERU,,100.0,869,869,"2,562",00000002.jpg,1.413,1.221,22,04/10/2022,12:45 h,98.0813,220100,TACNA,TACNA,220100,PARTIDO DEMOCRATICO SOMOS PERU,GUILLERMO ADOLFO MAC LEAN CUADROS,TACNA
196,11,PARTIDO FRENTE DE LA ESPERANZA 2021,,100.0,869,869,"2,653",00000011.jpg,1.463,1.264,22,04/10/2022,12:45 h,98.0813,220100,TACNA,TACNA,220100,PARTIDO FRENTE DE LA ESPERANZA 2021,KAREEN DEIFILIA RIOS VALDEZ,TACNA
197,1,ACCION POPULAR,,100.0,869,869,"3,113",00000001.jpg,1.717,1.483,22,04/10/2022,12:45 h,98.0813,220100,TACNA,TACNA,220100,ACCION POPULAR,HARRISON HENRY HURTADO ZAPATA,TACNA
198,9,PODEMOS PERU,,100.0,869,869,"3,266",00000009.jpg,1.801,1.556,22,04/10/2022,12:45 h,98.0813,220100,TACNA,TACNA,220100,PODEMOS PERU,ELMER ROBLES PAYEHUANCA,TACNA
199,118,IGUALDAD NACIONAL CRISTIANA AUTONOMA - INCA,,100.0,869,869,"3,676",00000118.jpg,2.028,1.752,22,04/10/2022,12:45 h,98.0813,220100,TACNA,TACNA,220100,IGUALDAD NACIONAL CRISTIANA AUTONOMA - INCA,PABLO HUACASI PARQUI,TACNA
200,3,RENOVACION POPULAR,,100.0,869,869,"3,936",00000003.jpg,2.171,1.875,22,04/10/2022,12:45 h,98.0813,220100,TACNA,TACNA,220100,RENOVACION POPULAR,CARLOS JESUS VILDOSO CAÑARI,TACNA
201,114,NUEVA ESPERANZA,,100.0,869,869,"10,457",00000114.jpg,5.768,4.982,22,04/10/2022,12:45 h,98.0813,220100,TACNA,TACNA,220100,NUEVA ESPERANZA,FABIOLA YUREMA ROJAS CAYPA,TACNA
202,7,AVANZA PAIS - PARTIDO DE INTEGRACION SOCIAL,,100.0,869,869,"17,203",00000007.jpg,9.489,8.197,22,04/10/2022,12:45 h,98.0813,220100,TACNA,TACNA,220100,AVANZA PAIS - PARTIDO DE INTEGRACION SOCIAL,FREDDY JAVIER HUASHUALDO HUANACUNI,TACNA
203,119,SIEMPRE TACNA,,100.0,869,869,"18,368",00000119.jpg,10.132,8.752,22,04/10/2022,12:45 h,98.0813,220100,TACNA,TACNA,220100,SIEMPRE TACNA,ALVARO ANTONIO ZACARIAS VALDERRAMA,TACNA
204,116,FRENTE ESPERANZA POR TACNA,,100.0,869,869,"23,874",00000116.jpg,13.169,11.375,22,04/10/2022,12:45 h,98.0813,220100,TACNA,TACNA,220100,FRENTE ESPERANZA POR TACNA,LUIS ALBERTO AYCA CUADROS,TACNA
205,121,JUNTOS POR TACNA,,100.0,869,869,"25,084",00000121.jpg,13.836,11.952,22,04/10/2022,12:45 h,98.0813,220100,TACNA,TACNA,220100,JUNTOS POR TACNA,HELMER JOEL FERNANDEZ CHAPARRO,TACNA
206,113,BANDERAS TACNEÑISTAS,,100.0,869,869,"32,383",00000113.jpg,17.862,15.43,22,04/10/2022,12:45 h,98.0813,220100,TACNA,TACNA,220100,BANDERAS TACNEÑISTAS,JOEL SAUL CHINCHAZO MONTOYA,TACNA
207,115,MOVIMIENTO INDEPENDIENTE REGIONAL FUERZA TACNA,,100.0,869,869,"34,719",00000115.jpg,19.151,16.543,22,04/10/2022,12:45 h,98.0813,220100,TACNA,TACNA,220100,MOVIMIENTO INDEPENDIENTE REGIONAL FUERZA TACNA,PASCUAL MILTON GÜISA BRAVO,TACNA
208,10,PARTIDO MORADO,,100.0,393,393,"2,420",00000010.jpg,3.59,2.614,23,04/10/2022,12:45 h,97.5186,230100,TUMBES,TUMBES,230100,PARTIDO MORADO,NERY PALOMEQUE GONZALES,TUMBES
209,5,JUNTOS POR EL PERU,,100.0,393,393,"3,394",00000005.jpg,5.035,3.666,23,04/10/2022,12:45 h,97.5186,230100,TUMBES,TUMBES,230100,JUNTOS POR EL PERU,WILLIAMS CIPRIANO MARCHAN AGUAYO,TUMBES
210,124,"UNIDAD, EXPERIENCIA Y TRABAJO CON ETICA",,100.0,393,393,"4,235",00000124.jpg,6.283,4.575,23,04/10/2022,12:45 h,97.5186,230100,TUMBES,TUMBES,230100,"UNIDAD, EXPERIENCIA Y TRABAJO CON ETICA",EDDIE OMAR DE LAMA VILLAR,TUMBES
211,141,PARTIDO PATRIOTICO DEL PERU,,100.0,393,393,"4,263",00000141.jpg,6.325,4.605,23,04/10/2022,12:45 h,97.5186,230100,TUMBES,TUMBES,230100,PARTIDO PATRIOTICO DEL PERU,MARDONIO ISAIAS TERRANOVA ZARATE,TUMBES
212,2,PARTIDO DEMOCRATICO SOMOS PERU,,100.0,393,393,"7,338",00000002.jpg,10.887,7.927,23,04/10/2022,12:45 h,97.5186,230100,TUMBES,TUMBES,230100,PARTIDO DEMOCRATICO SOMOS PERU,VICTOR MANUEL APONTE VALLADOLID,TUMBES
213,6,FUERZA POPULAR,,100.0,393,393,"9,993",00000006.jpg,14.826,10.795,23,04/10/2022,12:45 h,97.5186,230100,TUMBES,TUMBES,230100,FUERZA POPULAR,ENRIQUE ARMANDO VIZCARRA TINEDO,TUMBES
214,123,RENOVACION TUMBESINA,,100.0,393,393,"10,685",00000123.jpg,15.852,11.542,23,04/10/2022,12:45 h,97.5186,230100,TUMBES,TUMBES,230100,RENOVACION TUMBESINA,JOSE MANUEL GALVEZ HERRERA,TUMBES
215,126,MOVIMIENTO DE INCLUSION REGIONAL,,100.0,393,393,"25,075",00000126.jpg,37.202,27.087,23,04/10/2022,12:45 h,97.5186,230100,TUMBES,TUMBES,230100,MOVIMIENTO DE INCLUSION REGIONAL,HILDEBRANDO ANTON NAVARRO,TUMBES
216,141,PARTIDO PATRIOTICO DEL PERU,,100.0,"2,660","2,660","3,213",00000141.jpg,0.612,0.519,24,04/10/2022,12:45 h,95.8559,240100,CALLAO,CALLAO,240100,PARTIDO PATRIOTICO DEL PERU,LEONCIO JAVIER LUNA YACILA,CALLAO
217,44,SI SE PUEDE CALLAO,,100.0,"2,660","2,660","8,730",00000044.jpg,1.664,1.409,24,04/10/2022,12:45 h,95.8559,240100,CALLAO,CALLAO,240100,SI SE PUEDE CALLAO,JUVENAL QQUENTA ZEVALLOS,CALLAO
218,46,MOVIMIENTO REGIONAL SOMOS CALLAO,,100.0,"2,660","2,660","9,314",00000046.jpg,1.775,1.503,24,04/10/2022,12:45 h,95.8559,240100,CALLAO,CALLAO,240100,MOVIMIENTO REGIONAL SOMOS CALLAO,GUILLERMO AUGUSTO AGUILAR VELASQUEZ,CALLAO
219,10,PARTIDO MORADO,,100.0,"2,660","2,660","9,957",00000010.jpg,1.898,1.607,24,04/10/2022,12:45 h,95.8559,240100,CALLAO,CALLAO,240100,PARTIDO MORADO,ROBINSON OSCAR ESPINOZA ROSENTHAL,CALLAO
220,5,JUNTOS POR EL PERU,,100.0,"2,660","2,660","12,026",00000005.jpg,2.292,1.941,24,04/10/2022,12:45 h,95.8559,240100,CALLAO,CALLAO,240100,JUNTOS POR EL PERU,LUZMILA YALU AYAY CASAS,CALLAO
221,41,FUERZA CALLAO SEGURO,,100.0,"2,660","2,660","12,805",00000041.jpg,2.441,2.067,24,04/10/2022,12:45 h,95.8559,240100,CALLAO,CALLAO,240100,FUERZA CALLAO SEGURO,ERIKA JAQUELIN ARENAZA CASAVERDE,CALLAO
222,42,MOVIMIENTO REGIONAL VIVA EL CALLAO,,100.0,"2,660","2,660","15,536",00000042.jpg,2.961,2.508,24,04/10/2022,12:45 h,95.8559,240100,CALLAO,CALLAO,240100,MOVIMIENTO REGIONAL VIVA EL CALLAO,JULIO CESAR PEREZ BERNAL,CALLAO
223,45,POR TI CALLAO,,100.0,"2,660","2,660","18,833",00000045.jpg,3.59,3.04,24,04/10/2022,12:45 h,95.8559,240100,CALLAO,CALLAO,240100,POR TI CALLAO,JUAN CARLOS ALVARADO GALLARDO,CALLAO
224,6,FUERZA POPULAR,,100.0,"2,660","2,660","22,387",00000006.jpg,4.267,3.614,24,04/10/2022,12:45 h,95.8559,240100,CALLAO,CALLAO,240100,FUERZA POPULAR,MARCOS ANTONIO PICHILINGUE GOMEZ,CALLAO
225,11,PARTIDO FRENTE DE LA ESPERANZA 2021,,100.0,"2,660","2,660","22,831",00000011.jpg,4.352,3.685,24,04/10/2022,12:45 h,95.8559,240100,CALLAO,CALLAO,240100,PARTIDO FRENTE DE LA ESPERANZA 2021,CHRIS VALERY VILLALOBOS MUÑOZ,CALLAO
226,4,ALIANZA PARA EL PROGRESO,,100.0,"2,660","2,660","24,625",00000004.jpg,4.694,3.975,24,04/10/2022,12:45 h,95.8559,240100,CALLAO,CALLAO,240100,ALIANZA PARA EL PROGRESO,MIGUEL ANGEL ATOCHE ACOSTA,CALLAO
227,9,PODEMOS PERU,,100.0,"2,660","2,660","24,808",00000009.jpg,4.728,4.004,24,04/10/2022,12:45 h,95.8559,240100,CALLAO,CALLAO,240100,PODEMOS PERU,RENZO RAMIREZ NIEVES,CALLAO
228,3,RENOVACION POPULAR,,100.0,"2,660","2,660","30,020",00000003.jpg,5.722,4.846,24,04/10/2022,12:45 h,95.8559,240100,CALLAO,CALLAO,240100,RENOVACION POPULAR,MARITZA LUCY VILLA HUAYLLAS,CALLAO
229,7,AVANZA PAIS - PARTIDO DE INTEGRACION SOCIAL,,100.0,"2,660","2,660","33,431",00000007.jpg,6.372,5.396,24,04/10/2022,12:45 h,95.8559,240100,CALLAO,CALLAO,240100,AVANZA PAIS - PARTIDO DE INTEGRACION SOCIAL,DANIEL JUAN MALPARTIDA FILIO,CALLAO
230,2,PARTIDO DEMOCRATICO SOMOS PERU,,100.0,"2,660","2,660","36,355",00000002.jpg,6.929,5.868,24,04/10/2022,12:45 h,95.8559,240100,CALLAO,CALLAO,240100,PARTIDO DEMOCRATICO SOMOS PERU,CARLOS ALFREDO COX PALOMINO,CALLAO
231,40,MOVIMIENTO REGIONAL MAS CALLAO,,100.0,"2,660","2,660","85,337",00000040.jpg,16.265,13.775,24,04/10/2022,12:45 h,95.8559,240100,CALLAO,CALLAO,240100,MOVIMIENTO REGIONAL MAS CALLAO,PAUL GABRIEL GARCIA OVIEDO,CALLAO
232,43,CONTIGO CALLAO,,100.0,"2,660","2,660","154,453",00000043.jpg,29.439,24.931,24,04/10/2022,12:45 h,95.8559,240100,CALLAO,CALLAO,240100,CONTIGO CALLAO,PEDRO CARMELO SPADARO PHILIPPS,CALLAO
233,2,PARTIDO DEMOCRATICO SOMOS PERU,,100.0,"1,002","1,002","6,932",00000002.jpg,4.001,3.289,25,04/10/2022,12:45 h,95.7935,250100,UCAYALI,UCAYALI,250100,PARTIDO DEMOCRATICO SOMOS PERU,NILO LOZANO TUANAMA,CORONEL PORTILLO
234,9,PODEMOS PERU,,100.0,"1,002","1,002","8,514",00000009.jpg,4.914,4.04,25,04/10/2022,12:45 h,95.7935,250100,UCAYALI,UCAYALI,250100,PODEMOS PERU,MIGUEL JESUS CONTRERAS ARAUJO,CORONEL PORTILLO
235,11,PARTIDO FRENTE DE LA ESPERANZA 2021,,100.0,"1,002","1,002","10,254",00000011.jpg,5.919,4.865,25,04/10/2022,12:45 h,95.7935,250100,UCAYALI,UCAYALI,250100,PARTIDO FRENTE DE LA ESPERANZA 2021,WALTER EDUARDO DYER AMPUDIA,CORONEL PORTILLO
236,8,PARTIDO POLITICO NACIONAL PERU LIBRE,,100.0,"1,002","1,002","16,586",00000008.jpg,9.574,7.87,25,04/10/2022,12:45 h,95.7935,250100,UCAYALI,UCAYALI,250100,PARTIDO POLITICO NACIONAL PERU LIBRE,FELIX ARTURO NAJAR KOKALLY,CORONEL PORTILLO
237,130,TODOS SOMOS UCAYALI,,100.0,"1,002","1,002","27,068",00000130.jpg,15.624,12.843,25,04/10/2022,12:45 h,95.7935,250100,UCAYALI,UCAYALI,250100,TODOS SOMOS UCAYALI,RAUL MARDEN CONTRERAS RAMIREZ,CORONEL PORTILLO
238,131,UCAYALI REGION CON FUTURO,,100.0,"1,002","1,002","31,208",00000131.jpg,18.014,14.807,25,04/10/2022,12:45 h,95.7935,250100,UCAYALI,UCAYALI,250100,UCAYALI REGION CON FUTURO,WILMER GUEVARA MARTINEZ,CORONEL PORTILLO
239,1,ACCION POPULAR,,100.0,"1,002","1,002","35,278",00000001.jpg,20.363,16.739,25,04/10/2022,12:45 h,95.7935,250100,UCAYALI,UCAYALI,250100,ACCION POPULAR,SANDRO ACOSTA VILLAVICENCIO,CORONEL PORTILLO
240,129,MOVIMIENTO INDEPENDIENTE REGIONAL CAMBIO UCAYALINO,,100.0,"1,002","1,002","37,403",00000129.jpg,21.59,17.747,25,04/10/2022,12:45 h,95.7935,250100,UCAYALI,UCAYALI,250100,MOVIMIENTO INDEPENDIENTE REGIONAL CAMBIO UCAYALINO,EDWIN DIAZ PAREDES,CORONEL PORTILLO
