,C_CODI_AGP,AGRUPACION,IMAGENAGRUPACION,PORC_AVANCE_ACTA,ACTAS_COMPUTADA,TOTAL_MESAS,TOTAL_VOTOS,NLISTA,POR_VALIDOS,POR_EMITIDOS,cod_departamento,fecha,hora,avance,departamento,postulaDepartamento,organizacionPolitica,nombreCompleto
0,6,FUERZA POPULAR,,100.0,"1,072","1,072","1,591",00000006.jpg,0.889,0.756,01,05/10/2022,10:11 h,93.5428,AMAZONAS,AMAZONAS,FUERZA POPULAR,GILDA DORIS SABA DIAZ
1,14,MOVIMIENTO POLITICO REGIONAL ENERGIA COMUNAL AMAZONICA,,100.0,"1,072","1,072","8,241",00000014.jpg,4.606,3.914,01,05/10/2022,10:11 h,93.5428,AMAZONAS,AMAZONAS,MOVIMIENTO POLITICO REGIONAL ENERGIA COMUNAL AMAZONICA,WILSON NORVIL BARRANZUELA CAMPOS
2,5,JUNTOS POR EL PERU,,100.0,"1,072","1,072","13,457",00000005.jpg,7.521,6.391,01,05/10/2022,10:11 h,93.5428,AMAZONAS,AMAZONAS,JUNTOS POR EL PERU,ABSALON MONTOYA GUIVIN
3,4,ALIANZA PARA EL PROGRESO,,100.0,"1,072","1,072","14,084",00000004.jpg,7.872,6.689,01,05/10/2022,10:11 h,93.5428,AMAZONAS,AMAZONAS,ALIANZA PARA EL PROGRESO,GISELLA JOHANA PEREZ PEREZ
4,15,MOVIMIENTO REGIONAL AMAZONENSE UNIDOS AL CAMPO,,100.0,"1,072","1,072","29,316",00000015.jpg,16.385,13.923,01,05/10/2022,10:11 h,93.5428,AMAZONAS,AMAZONAS,MOVIMIENTO REGIONAL AMAZONENSE UNIDOS AL CAMPO,SEGUNDO QUITERIO HERNANDEZ VASQUEZ
5,3,RENOVACION POPULAR,,100.0,"1,072","1,072","29,368",00000003.jpg,16.414,13.948,01,05/10/2022,10:11 h,93.5428,AMAZONAS,AMAZONAS,RENOVACION POPULAR,ROGER ERCILIO GUEVARA GOÑAS
6,17,MOVIMIENTO REGIONAL VICTORIA AMAZONENSE,,100.0,"1,072","1,072","39,614",00000017.jpg,22.141,18.814,01,05/10/2022,10:11 h,93.5428,AMAZONAS,AMAZONAS,MOVIMIENTO REGIONAL VICTORIA AMAZONENSE,GRIMALDO VASQUEZ TAN
7,16,SENTIMIENTO AMAZONENSE REGIONAL,,100.0,"1,072","1,072","43,244",00000016.jpg,24.17,20.538,01,05/10/2022,10:11 h,93.5428,AMAZONAS,AMAZONAS,SENTIMIENTO AMAZONENSE REGIONAL,GILMER WILSON HORNA CORRALES
8,6,FUERZA POPULAR,,100.0,"3,109","3,109","14,564",00000006.jpg,3.104,2.126,02,05/10/2022,10:11 h,97.4914,ÁNCASH,ÁNCASH,FUERZA POPULAR,MAY JANETH COLCHADO LAGUNA
9,7,AVANZA PAIS - PARTIDO DE INTEGRACION SOCIAL,,100.0,"3,109","3,109","16,754",00000007.jpg,3.57,2.446,02,05/10/2022,10:11 h,97.4914,ÁNCASH,ÁNCASH,AVANZA PAIS - PARTIDO DE INTEGRACION SOCIAL,JULIETA URBANA PEREZ REYES
10,11,PARTIDO FRENTE DE LA ESPERANZA 2021,,100.0,"3,109","3,109","22,829",00000011.jpg,4.865,3.333,02,05/10/2022,10:11 h,97.4914,ÁNCASH,ÁNCASH,PARTIDO FRENTE DE LA ESPERANZA 2021,JUAN DEL CARMEN VASQUEZ CRUZADO
11,18,MOVIMIENTO ACCION NACIONALISTA PERUANO,,100.0,"3,109","3,109","53,180",00000018.jpg,11.333,7.763,02,05/10/2022,10:11 h,97.4914,ÁNCASH,ÁNCASH,MOVIMIENTO ACCION NACIONALISTA PERUANO,LUIS ROGELIO GONZALES CANO
12,5,JUNTOS POR EL PERU,,100.0,"3,109","3,109","94,962",00000005.jpg,20.237,13.862,02,05/10/2022,10:11 h,97.4914,ÁNCASH,ÁNCASH,JUNTOS POR EL PERU,BETTO BARRIONUEVO ROMERO
13,19,SOCIOS POR ANCASH,,100.0,"3,109","3,109","102,430",00000019.jpg,21.828,14.953,02,05/10/2022,10:11 h,97.4914,ÁNCASH,ÁNCASH,SOCIOS POR ANCASH,ENRIQUE VALOIS ALEJANDRO OCROSPOMA
14,21,ALIANZA GOBIERNO UNIDAD Y ACCION - AGUA,,100.0,"3,109","3,109","164,538",00000021.jpg,35.064,24.019,02,05/10/2022,10:11 h,97.4914,ÁNCASH,ÁNCASH,ALIANZA GOBIERNO UNIDAD Y ACCION - AGUA,FABIAN KOKI NORIEGA BRITO
15,1,ACCION POPULAR,,100.0,"1,168","1,168","11,006",00000001.jpg,5.46,4.385,03,05/10/2022,10:11 h,98.8156,APURÍMAC,APURÍMAC,ACCION POPULAR,MARIZOL PECEROS PAIRA
16,25,PROGRESISTA DE APURIMAC,,100.0,"1,168","1,168","19,398",00000025.jpg,9.623,7.728,03,05/10/2022,10:11 h,98.8156,APURÍMAC,APURÍMAC,PROGRESISTA DE APURIMAC,CHRISTIAN ANDERSON ZEGARRA PALOMINO
17,4,ALIANZA PARA EL PROGRESO,,100.0,"1,168","1,168","26,490",00000004.jpg,13.141,10.554,03,05/10/2022,10:11 h,98.8156,APURÍMAC,APURÍMAC,ALIANZA PARA EL PROGRESO,OMAR MERINO LOPEZ
18,24,MOVIMIENTO REGIONAL HATARIY APURIMAC,,100.0,"1,168","1,168","63,234",00000024.jpg,31.369,25.193,03,05/10/2022,10:11 h,98.8156,APURÍMAC,APURÍMAC,MOVIMIENTO REGIONAL HATARIY APURIMAC,ELVYN SAMUEL DIAZ TELLO
19,11,PARTIDO FRENTE DE LA ESPERANZA 2021,,100.0,"1,168","1,168","81,452",00000011.jpg,40.407,32.451,03,05/10/2022,10:11 h,98.8156,APURÍMAC,APURÍMAC,PARTIDO FRENTE DE LA ESPERANZA 2021,PERCY GODOY MEDINA
20,10,PARTIDO MORADO,,100.0,"3,896","3,896","4,592",00000010.jpg,0.608,0.497,04,05/10/2022,10:11 h,98.6079,AREQUIPA,AREQUIPA,PARTIDO MORADO,JOSE FABRIZZIO DIAZ CONTRERAS
21,3,RENOVACION POPULAR,,100.0,"3,896","3,896","9,472",00000003.jpg,1.255,1.024,04,05/10/2022,10:11 h,98.6079,AREQUIPA,AREQUIPA,RENOVACION POPULAR,MILDRED SHIRLEY FOLLANA ALVAREZ
22,11,PARTIDO FRENTE DE LA ESPERANZA 2021,,100.0,"3,896","3,896","11,571",00000011.jpg,1.533,1.251,04,05/10/2022,10:11 h,98.6079,AREQUIPA,AREQUIPA,PARTIDO FRENTE DE LA ESPERANZA 2021,MARIA ALEJANDRA VASQUEZ SANCHEZ
23,2,PARTIDO DEMOCRATICO SOMOS PERU,,100.0,"3,896","3,896","12,655",00000002.jpg,1.676,1.369,04,05/10/2022,10:11 h,98.6079,AREQUIPA,AREQUIPA,PARTIDO DEMOCRATICO SOMOS PERU,ROSARIO PAREDES EYZAGUIRRE
24,7,AVANZA PAIS - PARTIDO DE INTEGRACION SOCIAL,,100.0,"3,896","3,896","13,070",00000007.jpg,1.731,1.413,04,05/10/2022,10:11 h,98.6079,AREQUIPA,AREQUIPA,AVANZA PAIS - PARTIDO DE INTEGRACION SOCIAL,DOLORES MARLENE CORIMANYA SICHA
25,5,JUNTOS POR EL PERU,,100.0,"3,896","3,896","14,741",00000005.jpg,1.952,1.594,04,05/10/2022,10:11 h,98.6079,AREQUIPA,AREQUIPA,JUNTOS POR EL PERU,FERNANDO ZEBALLOS PATRON
26,30,AREQUIPA - UNIDOS POR EL GRAN CAMBIO,,100.0,"3,896","3,896","16,102",00000030.jpg,2.133,1.741,04,05/10/2022,10:11 h,98.6079,AREQUIPA,AREQUIPA,AREQUIPA - UNIDOS POR EL GRAN CAMBIO,JORGE LUIS SUCLLA MEDINA
27,4,ALIANZA PARA EL PROGRESO,,100.0,"3,896","3,896","22,849",00000004.jpg,3.026,2.471,04,05/10/2022,10:11 h,98.6079,AREQUIPA,AREQUIPA,ALIANZA PARA EL PROGRESO,LILY MARGOTH JUAREZ SALAZAR
28,26,MOVIMIENTO REGIONAL REVALORA,,100.0,"3,896","3,896","22,904",00000026.jpg,3.034,2.477,04,05/10/2022,10:11 h,98.6079,AREQUIPA,AREQUIPA,MOVIMIENTO REGIONAL REVALORA,MILUSKA OLIVERA MOGROVEJO
29,8,PARTIDO POLITICO NACIONAL PERU LIBRE,,100.0,"3,896","3,896","28,145",00000008.jpg,3.728,3.044,04,05/10/2022,10:11 h,98.6079,AREQUIPA,AREQUIPA,PARTIDO POLITICO NACIONAL PERU LIBRE,VLADIMIR JUSTO HUARANCA TEJADA
30,29,FUERZA AREQUIPEÑA,,100.0,"3,896","3,896","56,540",00000029.jpg,7.488,6.115,04,05/10/2022,10:11 h,98.6079,AREQUIPA,AREQUIPA,FUERZA AREQUIPEÑA,MARCO TULIO FALCONI PICARDO
31,27,MOVIMIENTO REGIONAL AREQUIPA AVANCEMOS,,100.0,"3,896","3,896","114,405",00000027.jpg,15.152,12.373,04,05/10/2022,10:11 h,98.6079,AREQUIPA,AREQUIPA,MOVIMIENTO REGIONAL AREQUIPA AVANCEMOS,HECTOR HUGO HERRERA HERRERA
32,31,"AREQUIPA, TRADICION Y FUTURO",,100.0,"3,896","3,896","137,882",00000031.jpg,18.262,14.912,04,05/10/2022,10:11 h,98.6079,AREQUIPA,AREQUIPA,"AREQUIPA, TRADICION Y FUTURO",JAVIER ENRIQUE ISMODES TALAVERA
33,28,YO AREQUIPA,,100.0,"3,896","3,896","290,100",00000028.jpg,38.422,31.373,04,05/10/2022,10:11 h,98.6079,AREQUIPA,AREQUIPA,YO AREQUIPA,ROHEL SANCHEZ SANCHEZ
34,4,ALIANZA PARA EL PROGRESO,,100.0,"1,564","1,564","4,847",00000004.jpg,1.841,1.484,05,05/10/2022,10:11 h,88.3616,AYACUCHO,AYACUCHO,ALIANZA PARA EL PROGRESO,ZONIA GARCIA BENDEZU
35,11,PARTIDO FRENTE DE LA ESPERANZA 2021,,100.0,"1,564","1,564","5,336",00000011.jpg,2.027,1.633,05,05/10/2022,10:11 h,88.3616,AYACUCHO,AYACUCHO,PARTIDO FRENTE DE LA ESPERANZA 2021,RICHARD GERMAN ORTEGA QUISPE
36,2,PARTIDO DEMOCRATICO SOMOS PERU,,100.0,"1,564","1,564","6,702",00000002.jpg,2.546,2.051,05,05/10/2022,10:11 h,88.3616,AYACUCHO,AYACUCHO,PARTIDO DEMOCRATICO SOMOS PERU,NILDA VILLAVICENCIO FLORES
37,34,MOVIMIENTO REGIONAL GANA AYACUCHO,,100.0,"1,564","1,564","30,250",00000034.jpg,11.49,9.259,05,05/10/2022,10:11 h,88.3616,AYACUCHO,AYACUCHO,MOVIMIENTO REGIONAL GANA AYACUCHO,RICHARD PRADO RAMOS
38,36,MOVIMIENTO REGIONAL AGUA,,100.0,"1,564","1,564","91,777",00000036.jpg,34.86,28.092,05,05/10/2022,10:11 h,88.3616,AYACUCHO,AYACUCHO,MOVIMIENTO REGIONAL AGUA,PABEL NESTOR BELLIDO MIRANDA
39,37,MOVIMIENTO REGIONAL WARI LLAQTA,,100.0,"1,564","1,564","124,363",00000037.jpg,47.237,38.067,05,05/10/2022,10:11 h,88.3616,AYACUCHO,AYACUCHO,MOVIMIENTO REGIONAL WARI LLAQTA,WILFREDO OSCORIMA NUÑEZ
40,3,RENOVACION POPULAR,,100.0,"3,837","3,837","7,795",00000003.jpg,1.18,0.944,06,05/10/2022,10:11 h,97.8577,CAJAMARCA,CAJAMARCA,RENOVACION POPULAR,MARIA DE LOS ANGELES ARCE BENITES
41,38,CAJAMARCA SIEMPRE VERDE,,100.0,"3,837","3,837","79,779",00000038.jpg,12.073,9.658,06,05/10/2022,10:11 h,97.8577,CAJAMARCA,CAJAMARCA,CAJAMARCA SIEMPRE VERDE,SEGUNDO RAUL PINEDO VASQUEZ
42,11,PARTIDO FRENTE DE LA ESPERANZA 2021,,100.0,"3,837","3,837","82,896",00000011.jpg,12.545,10.036,06,05/10/2022,10:11 h,97.8577,CAJAMARCA,CAJAMARCA,PARTIDO FRENTE DE LA ESPERANZA 2021,FELICITA MADALEINE TOCTO GUERRERO
43,4,ALIANZA PARA EL PROGRESO,,100.0,"3,837","3,837","114,317",00000004.jpg,17.3,13.839,06,05/10/2022,10:11 h,97.8577,CAJAMARCA,CAJAMARCA,ALIANZA PARA EL PROGRESO,CESAR HENRY VASQUEZ SANCHEZ
44,7,AVANZA PAIS - PARTIDO DE INTEGRACION SOCIAL,,100.0,"3,837","3,837","118,494",00000007.jpg,17.932,14.345,06,05/10/2022,10:11 h,97.8577,CAJAMARCA,CAJAMARCA,AVANZA PAIS - PARTIDO DE INTEGRACION SOCIAL,WALTER BENAVIDES GAVIDIA
45,39,FRENTE REGIONAL DE CAJAMARCA,,100.0,"3,837","3,837","125,224",00000039.jpg,18.95,15.16,06,05/10/2022,10:11 h,97.8577,CAJAMARCA,CAJAMARCA,FRENTE REGIONAL DE CAJAMARCA,VICTOR ANDRES VILLAR NARRO
46,2,PARTIDO DEMOCRATICO SOMOS PERU,,100.0,"3,837","3,837","132,306",00000002.jpg,20.022,16.017,06,05/10/2022,10:11 h,97.8577,CAJAMARCA,CAJAMARCA,PARTIDO DEMOCRATICO SOMOS PERU,ROGER GUEVARA RODRIGUEZ
47,9,PODEMOS PERU,,100.0,"3,433","3,433","29,020",00000009.jpg,4.686,3.757,07,05/10/2022,10:11 h,95.0970,CUSCO,CUSCO,PODEMOS PERU,YULET LUNA HILARES
48,47,AUTOGOBIERNO AYLLU,,100.0,"3,433","3,433","47,749",00000047.jpg,7.711,6.182,07,05/10/2022,10:11 h,95.0970,CUSCO,CUSCO,AUTOGOBIERNO AYLLU,ROSMI RIVAS HURTADO
49,5,JUNTOS POR EL PERU,,100.0,"3,433","3,433","49,061",00000005.jpg,7.923,6.352,07,05/10/2022,10:11 h,95.0970,CUSCO,CUSCO,JUNTOS POR EL PERU,RAUL DEL CASTILLO ALATRISTA
50,8,PARTIDO POLITICO NACIONAL PERU LIBRE,,100.0,"3,433","3,433","52,923",00000008.jpg,8.546,6.852,07,05/10/2022,10:11 h,95.0970,CUSCO,CUSCO,PARTIDO POLITICO NACIONAL PERU LIBRE,SAUL SANCHEZ SANTOS
51,11,PARTIDO FRENTE DE LA ESPERANZA 2021,,100.0,"3,433","3,433","62,835",00000011.jpg,10.147,8.135,07,05/10/2022,10:11 h,95.0970,CUSCO,CUSCO,PARTIDO FRENTE DE LA ESPERANZA 2021,CARLOS RICARDO CUARESMA SANCHEZ
52,4,ALIANZA PARA EL PROGRESO,,100.0,"3,433","3,433","85,947",00000004.jpg,13.879,11.127,07,05/10/2022,10:11 h,95.0970,CUSCO,CUSCO,ALIANZA PARA EL PROGRESO,BORIS GERMAIN MUJICA PAREDES
53,49,MOVIMIENTO REGIONAL INKA PACHAKUTEQ,,100.0,"3,433","3,433","117,956",00000049.jpg,19.049,15.272,07,05/10/2022,10:11 h,95.0970,CUSCO,CUSCO,MOVIMIENTO REGIONAL INKA PACHAKUTEQ,EDY EDWARD CUELLAR MARGHOLT
54,2,PARTIDO DEMOCRATICO SOMOS PERU,,100.0,"3,433","3,433","173,749",00000002.jpg,28.058,22.495,07,05/10/2022,10:11 h,95.0970,CUSCO,CUSCO,PARTIDO DEMOCRATICO SOMOS PERU,WERNER MAXIMO SALCEDO ALVAREZ
55,1,ACCION POPULAR,,100.0,"1,126","1,126","7,972",00000001.jpg,4.164,3.387,08,05/10/2022,10:11 h,95.9114,HUANCAVELICA,HUANCAVELICA,ACCION POPULAR,KENYON EDUARDO DURAND BUSTAMANTE
56,2,PARTIDO DEMOCRATICO SOMOS PERU,,100.0,"1,126","1,126","8,172",00000002.jpg,4.268,3.472,08,05/10/2022,10:11 h,95.9114,HUANCAVELICA,HUANCAVELICA,PARTIDO DEMOCRATICO SOMOS PERU,YOVANA RAMOS GASPAR
57,50,MOVIMIENTO REGIONAL AGUA,,100.0,"1,126","1,126","85,812",00000050.jpg,44.822,36.463,08,05/10/2022,10:11 h,95.9114,HUANCAVELICA,HUANCAVELICA,MOVIMIENTO REGIONAL AGUA,SAMUEL MORAN CARDENAS
58,51,MOVIMIENTO REGIONAL AYNI,,100.0,"1,126","1,126","89,494",00000051.jpg,46.745,38.027,08,05/10/2022,10:11 h,95.9114,HUANCAVELICA,HUANCAVELICA,MOVIMIENTO REGIONAL AYNI,LEONCIO HUAYLLANI TAYPE
59,11,PARTIDO FRENTE DE LA ESPERANZA 2021,,100.0,"2,073","2,073","4,285",00000011.jpg,1.209,0.982,09,05/10/2022,10:11 h,97.1415,HUÁNUCO,HUÁNUCO,PARTIDO FRENTE DE LA ESPERANZA 2021,YENNY MIRIAM NAUPAY GONZALEZ
60,53,MOVIMIENTO POLITICO CAMBIEMOS X HCO,,100.0,"2,073","2,073","56,918",00000053.jpg,16.065,13.043,09,05/10/2022,10:11 h,97.1415,HUÁNUCO,HUÁNUCO,MOVIMIENTO POLITICO CAMBIEMOS X HCO,GLADYS MARLENI VENANCIO JORGE
61,57,MOVIMIENTO INDEPENDIENTE REGIONAL HUANUCO PRIMERO,,100.0,"2,073","2,073","83,755",00000057.jpg,23.64,19.193,09,05/10/2022,10:11 h,97.1415,HUÁNUCO,HUÁNUCO,MOVIMIENTO INDEPENDIENTE REGIONAL HUANUCO PRIMERO,EDISON EUFRACIO DIAZ ESQUIVEL
62,7,AVANZA PAIS - PARTIDO DE INTEGRACION SOCIAL,,100.0,"2,073","2,073","94,465",00000007.jpg,26.663,21.648,09,05/10/2022,10:11 h,97.1415,HUÁNUCO,HUÁNUCO,AVANZA PAIS - PARTIDO DE INTEGRACION SOCIAL,ROSALI LEANDRO TARAZONA
63,54,MOVIMIENTO INDEPENDIENTE REGIONAL MI BUEN VECINO,,100.0,"2,073","2,073","114,874",00000054.jpg,32.423,26.324,09,05/10/2022,10:11 h,97.1415,HUÁNUCO,HUÁNUCO,MOVIMIENTO INDEPENDIENTE REGIONAL MI BUEN VECINO,ANTONIO LEONIDAS PULGAR LUCAS
64,6,FUERZA POPULAR,,100.0,"2,200","2,200","15,997",00000006.jpg,3.7,3.019,10,05/10/2022,10:11 h,98.1705,ICA,ICA,FUERZA POPULAR,JOSE ANTONIO YAMASHIRO ORE
65,2,PARTIDO DEMOCRATICO SOMOS PERU,,100.0,"2,200","2,200","51,488",00000002.jpg,11.909,9.716,10,05/10/2022,10:11 h,98.1705,ICA,ICA,PARTIDO DEMOCRATICO SOMOS PERU,ALBERTO EUGENIO OLIVA CORRALES
66,58,MOVIMIENTO REGIONAL OBRAS POR LA MODERNIDAD,,100.0,"2,200","2,200","60,775",00000058.jpg,14.058,11.468,10,05/10/2022,10:11 h,98.1705,ICA,ICA,MOVIMIENTO REGIONAL OBRAS POR LA MODERNIDAD,JAVIER HERMOGENES CORNEJO VENTURA
67,4,ALIANZA PARA EL PROGRESO,,100.0,"2,200","2,200","144,650",00000004.jpg,33.458,27.295,10,05/10/2022,10:11 h,98.1705,ICA,ICA,ALIANZA PARA EL PROGRESO,JUAN ENRIQUE MENDOZA URIBE
68,59,UNO POR ICA,,100.0,"2,200","2,200","159,419",00000059.jpg,36.874,30.082,10,05/10/2022,10:11 h,98.1705,ICA,ICA,UNO POR ICA,JORGE CARLOS HURTADO HERRERA
69,2,PARTIDO DEMOCRATICO SOMOS PERU,,100.0,"3,349","3,349","10,503",00000002.jpg,1.804,1.44,11,05/10/2022,10:11 h,97.4680,JUNÍN,JUNÍN,PARTIDO DEMOCRATICO SOMOS PERU,MARIVEL YANINA POMA GIACCARINI
70,10,PARTIDO MORADO,,100.0,"3,349","3,349","10,991",00000010.jpg,1.888,1.507,11,05/10/2022,10:11 h,97.4680,JUNÍN,JUNÍN,PARTIDO MORADO,EDISON OMAR ORDOÑEZ ROJAS
71,65,MOVIMIENTO REGIONAL BLOQUE POPULAR JUNIN,,100.0,"3,349","3,349","14,687",00000065.jpg,2.523,2.014,11,05/10/2022,10:11 h,97.4680,JUNÍN,JUNÍN,MOVIMIENTO REGIONAL BLOQUE POPULAR JUNIN,JORGE ANTONIO RODRIGUEZ SILVA
72,3,RENOVACION POPULAR,,100.0,"3,349","3,349","23,732",00000003.jpg,4.076,3.254,11,05/10/2022,10:11 h,97.4680,JUNÍN,JUNÍN,RENOVACION POPULAR,JACKELYN STEFANY LIZARRAGA ALANIA
73,64,CORAZON PATRIOTA,,100.0,"3,349","3,349","29,278",00000064.jpg,5.029,4.015,11,05/10/2022,10:11 h,97.4680,JUNÍN,JUNÍN,CORAZON PATRIOTA,ALDRIN ZARATE BERNUY
74,4,ALIANZA PARA EL PROGRESO,,100.0,"3,349","3,349","42,149",00000004.jpg,7.239,5.78,11,05/10/2022,10:11 h,97.4680,JUNÍN,JUNÍN,ALIANZA PARA EL PROGRESO,MIRIAM MILAGROS VALENZUELA USCUVILCA
75,62,JUNIN RENACE,,100.0,"3,349","3,349","111,944",00000062.jpg,19.227,15.35,11,05/10/2022,10:11 h,97.4680,JUNÍN,JUNÍN,JUNIN RENACE,ARNOLDO DANTE MALLMA AUQUI
76,60,CAMINEMOS JUNTOS POR JUNIN,,100.0,"3,349","3,349","138,188",00000060.jpg,23.735,18.949,11,05/10/2022,10:11 h,97.4680,JUNÍN,JUNÍN,CAMINEMOS JUNTOS POR JUNIN,DIMAS RUDY ALIAGA CASTRO
77,61,MOVIMIENTO REGIONAL SIERRA Y SELVA CONTIGO JUNIN,,100.0,"3,349","3,349","200,740",00000061.jpg,34.479,27.526,11,05/10/2022,10:11 h,97.4680,JUNÍN,JUNÍN,MOVIMIENTO REGIONAL SIERRA Y SELVA CONTIGO JUNIN,ZOSIMO CARDENAS MUJE
78,1,ACCION POPULAR,,100.0,"4,745","4,745","22,059",00000001.jpg,2.509,2.08,12,05/10/2022,10:11 h,95.9555,LA LIBERTAD,LA LIBERTAD,ACCION POPULAR,ALFONSO PAUL IBAÑEZ CARRANZA
79,6,FUERZA POPULAR,,100.0,"4,745","4,745","30,061",00000006.jpg,3.419,2.834,12,05/10/2022,10:11 h,95.9555,LA LIBERTAD,LA LIBERTAD,FUERZA POPULAR,MIGUEL ANGEL VIVANCO REYES
80,67,SUMATE,,100.0,"4,745","4,745","52,655",00000067.jpg,5.989,4.965,12,05/10/2022,10:11 h,95.9555,LA LIBERTAD,LA LIBERTAD,SUMATE,MARINO TEOFILO LAVADO VALDIVIA
81,66,NUEVA LIBERTAD,,100.0,"4,745","4,745","61,637",00000066.jpg,7.01,5.811,12,05/10/2022,10:11 h,95.9555,LA LIBERTAD,LA LIBERTAD,NUEVA LIBERTAD,MARIANO ANDRES YUPANQUI MIÑANO
82,68,MOVIMIENTO REGIONAL FORTALEZA PERU,,100.0,"4,745","4,745","83,567",00000068.jpg,9.504,7.879,12,05/10/2022,10:11 h,95.9555,LA LIBERTAD,LA LIBERTAD,MOVIMIENTO REGIONAL FORTALEZA PERU,MONICA PAOLA SANCHEZ MINCHOLA
83,2,PARTIDO DEMOCRATICO SOMOS PERU,,100.0,"4,745","4,745","105,039",00000002.jpg,11.946,9.904,12,05/10/2022,10:11 h,95.9555,LA LIBERTAD,LA LIBERTAD,PARTIDO DEMOCRATICO SOMOS PERU,JOHANNA GABRIELA LOZADA BALDWIN
84,69,MOVIMIENTO REGIONAL TRABAJO MAS TRABAJO,,100.0,"4,745","4,745","220,591",00000069.jpg,25.089,20.798,12,05/10/2022,10:11 h,95.9555,LA LIBERTAD,LA LIBERTAD,MOVIMIENTO REGIONAL TRABAJO MAS TRABAJO,ELIAS NICOLAS RODRIGUEZ ZAVALETA
85,4,ALIANZA PARA EL PROGRESO,,100.0,"4,745","4,745","303,640",00000004.jpg,34.534,28.629,12,05/10/2022,10:11 h,95.9555,LA LIBERTAD,LA LIBERTAD,ALIANZA PARA EL PROGRESO,CESAR ACUÑA PERALTA
86,8,PARTIDO POLITICO NACIONAL PERU LIBRE,,100.0,"3,282","3,282","32,576",00000008.jpg,5.904,4.307,13,05/10/2022,10:11 h,97.5914,LAMBAYEQUE,LAMBAYEQUE,PARTIDO POLITICO NACIONAL PERU LIBRE,MAVILA ESTHER VASQUEZ DIAZ
87,11,PARTIDO FRENTE DE LA ESPERANZA 2021,,100.0,"3,282","3,282","49,134",00000011.jpg,8.906,6.497,13,05/10/2022,10:11 h,97.5914,LAMBAYEQUE,LAMBAYEQUE,PARTIDO FRENTE DE LA ESPERANZA 2021,FELIPE JOSE GRANADOS CARRANZA
88,7,AVANZA PAIS - PARTIDO DE INTEGRACION SOCIAL,,100.0,"3,282","3,282","76,206",00000007.jpg,13.812,10.076,13,05/10/2022,10:11 h,97.5914,LAMBAYEQUE,LAMBAYEQUE,AVANZA PAIS - PARTIDO DE INTEGRACION SOCIAL,SOLINKA CASSANDRA MOLINA GONZALES
89,70,MOVIMIENTO REGIONAL CONSTRUYENDO,,100.0,"3,282","3,282","78,723",00000070.jpg,14.269,10.409,13,05/10/2022,10:11 h,97.5914,LAMBAYEQUE,LAMBAYEQUE,MOVIMIENTO REGIONAL CONSTRUYENDO,CLEMENTE FLORES VILCHEZ
90,6,FUERZA POPULAR,,100.0,"3,282","3,282","90,906",00000006.jpg,16.477,12.02,13,05/10/2022,10:11 h,97.5914,LAMBAYEQUE,LAMBAYEQUE,FUERZA POPULAR,JOSE MARVIN PALMA MENDOZA
91,2,PARTIDO DEMOCRATICO SOMOS PERU,,100.0,"3,282","3,282","109,710",00000002.jpg,19.885,14.506,13,05/10/2022,10:11 h,97.5914,LAMBAYEQUE,LAMBAYEQUE,PARTIDO DEMOCRATICO SOMOS PERU,JORGE LUIS PEREZ FLORES
92,4,ALIANZA PARA EL PROGRESO,,100.0,"3,282","3,282","114,469",00000004.jpg,20.748,15.135,13,05/10/2022,10:11 h,97.5914,LAMBAYEQUE,LAMBAYEQUE,ALIANZA PARA EL PROGRESO,ALEXANDER RODRIGUEZ ALVARADO
93,11,PARTIDO FRENTE DE LA ESPERANZA 2021,,100.0,"2,609","2,609","14,486",00000011.jpg,2.905,2.397,14,05/10/2022,10:11 h,98.1935,LIMA,LIMA,PARTIDO FRENTE DE LA ESPERANZA 2021,MARLENE ISMAELDA LUYO LUDEÑA
94,7,AVANZA PAIS - PARTIDO DE INTEGRACION SOCIAL,,100.0,"2,609","2,609","16,489",00000007.jpg,3.307,2.728,14,05/10/2022,10:11 h,98.1935,LIMA,LIMA,AVANZA PAIS - PARTIDO DE INTEGRACION SOCIAL,SANTOS TOMAS QUISPE MURGA
95,8,PARTIDO POLITICO NACIONAL PERU LIBRE,,100.0,"2,609","2,609","16,531",00000008.jpg,3.315,2.735,14,05/10/2022,10:11 h,98.1935,LIMA,LIMA,PARTIDO POLITICO NACIONAL PERU LIBRE,MARIELA CATHERINE PRADO LINARES
96,4,ALIANZA PARA EL PROGRESO,,100.0,"2,609","2,609","32,709",00000004.jpg,6.559,5.412,14,05/10/2022,10:11 h,98.1935,LIMA,LIMA,ALIANZA PARA EL PROGRESO,CARLOS ALBERTO ALMERI VERAMENDI
97,3,RENOVACION POPULAR,,100.0,"2,609","2,609","49,575",00000003.jpg,9.942,8.202,14,05/10/2022,10:11 h,98.1935,LIMA,LIMA,RENOVACION POPULAR,RAFAEL GASTON TADEO MILAGROS SANTOS NORMAND
98,2,PARTIDO DEMOCRATICO SOMOS PERU,,100.0,"2,609","2,609","64,351",00000002.jpg,12.905,10.646,14,05/10/2022,10:11 h,98.1935,LIMA,LIMA,PARTIDO DEMOCRATICO SOMOS PERU,MARINO JUAN LLANOS COCA
99,73,CONCERTACION PARA EL DESARROLLO REGIONAL - LIMA,,100.0,"2,609","2,609","70,939",00000073.jpg,14.226,11.736,14,05/10/2022,10:11 h,98.1935,LIMA,LIMA,CONCERTACION PARA EL DESARROLLO REGIONAL - LIMA,NELSON OSWALDO CHUI MEJIA
100,72,PATRIA JOVEN,,100.0,"2,609","2,609","98,601",00000072.jpg,19.773,16.313,14,05/10/2022,10:11 h,98.1935,LIMA,LIMA,PATRIA JOVEN,JOSE CARLOS BAUTISTA RUBIO
101,74,MOVIMIENTO REGIONAL UNIDAD CIVICA LIMA,,100.0,"2,609","2,609","134,974",00000074.jpg,27.068,22.331,14,05/10/2022,10:11 h,98.1935,LIMA,LIMA,MOVIMIENTO REGIONAL UNIDAD CIVICA LIMA,ROSA GLORIA VASQUEZ CUADRADO
102,6,FUERZA POPULAR,,100.0,"2,309","2,309","3,224",00000006.jpg,0.834,0.72,15,05/10/2022,10:11 h,92.8428,LORETO,LORETO,FUERZA POPULAR,JUAN CARLOS DEL AGUILA CARDENAS
103,161,LORETO PARA TODOS,,100.0,"2,309","2,309","7,279",00000161.jpg,1.883,1.626,15,05/10/2022,10:11 h,92.8428,LORETO,LORETO,LORETO PARA TODOS,TITO EVIL FLORES PEREZ
104,8,PARTIDO POLITICO NACIONAL PERU LIBRE,,100.0,"2,309","2,309","7,681",00000008.jpg,1.987,1.715,15,05/10/2022,10:11 h,92.8428,LORETO,LORETO,PARTIDO POLITICO NACIONAL PERU LIBRE,YOSHI LEVIS LAM ELESPURU
105,10000080,MISION ORGANIZADA VIA INTEGRIDAD Y LIBERTAD,,100.0,"2,309","2,309","8,752",10000080.jpg,2.264,1.955,15,05/10/2022,10:11 h,92.8428,LORETO,LORETO,MISION ORGANIZADA VIA INTEGRIDAD Y LIBERTAD,WILFREDO MOISES MALPARTIDA GOMEZ
106,77,MOVIMIENTO INDEPENDIENTE POLITICO VOLUNTAD GENERAL AMAZONICA - VOGA,,100.0,"2,309","2,309","8,806",00000077.jpg,2.278,1.967,15,05/10/2022,10:11 h,92.8428,LORETO,LORETO,MOVIMIENTO INDEPENDIENTE POLITICO VOLUNTAD GENERAL AMAZONICA - VOGA,FRANCK GERSSON MARREROS PEREZ
107,76,JUNTOS POR LORETO,,100.0,"2,309","2,309","9,146",00000076.jpg,2.366,2.043,15,05/10/2022,10:11 h,92.8428,LORETO,LORETO,JUNTOS POR LORETO,JORGE ENRIQUE MELENDEZ CELIS
108,75,MOVIMIENTO INDEPENDIENTE LORETO - MI LORETO,,100.0,"2,309","2,309","24,465",00000075.jpg,6.33,5.464,15,05/10/2022,10:11 h,92.8428,LORETO,LORETO,MOVIMIENTO INDEPENDIENTE LORETO - MI LORETO,OSCAR ALEXANDER LLAPAPASCA SAMANIEGO
109,79,MOVIMIENTO INDEPENDIENTE REIVINDIQUEMOS LORETO,,100.0,"2,309","2,309","47,949",00000079.jpg,12.406,10.709,15,05/10/2022,10:11 h,92.8428,LORETO,LORETO,MOVIMIENTO INDEPENDIENTE REIVINDIQUEMOS LORETO,JUAN RAFAEL TORRES BALDEON
110,4,ALIANZA PARA EL PROGRESO,,100.0,"2,309","2,309","50,792",00000004.jpg,13.141,11.343,15,05/10/2022,10:11 h,92.8428,LORETO,LORETO,ALIANZA PARA EL PROGRESO,FERNANDO MELENDEZ CELIS
111,78,MOVIMIENTO ESPERANZA REGION AMAZONICA,,100.0,"2,309","2,309","92,342",00000078.jpg,23.891,20.623,15,05/10/2022,10:11 h,92.8428,LORETO,LORETO,MOVIMIENTO ESPERANZA REGION AMAZONICA,JORGE LUIS MERA RAMIREZ
112,2,PARTIDO DEMOCRATICO SOMOS PERU,,100.0,"2,309","2,309","126,073",00000002.jpg,32.618,28.156,15,05/10/2022,10:11 h,92.8428,LORETO,LORETO,PARTIDO DEMOCRATICO SOMOS PERU,JORGE RENE CHAVEZ SILVANO
113,2,PARTIDO DEMOCRATICO SOMOS PERU,,100.0,415,415,"1,771",00000002.jpg,2.307,1.971,16,05/10/2022,10:11 h,98.5748,MADRE DE DIOS,MADRE DE DIOS,PARTIDO DEMOCRATICO SOMOS PERU,ANGELA GABRIELA PEREA MONJE
114,4,ALIANZA PARA EL PROGRESO,,100.0,415,415,"2,337",00000004.jpg,3.045,2.6,16,05/10/2022,10:11 h,98.5748,MADRE DE DIOS,MADRE DE DIOS,ALIANZA PARA EL PROGRESO,FATIMA PIZANGO SALAZAR
115,9,PODEMOS PERU,,100.0,415,415,"4,858",00000009.jpg,6.329,5.406,16,05/10/2022,10:11 h,98.5748,MADRE DE DIOS,MADRE DE DIOS,PODEMOS PERU,ALEXANDER LOZANO INOSTROZA
116,8,PARTIDO POLITICO NACIONAL PERU LIBRE,,100.0,415,415,"6,000",00000008.jpg,7.817,6.676,16,05/10/2022,10:11 h,98.5748,MADRE DE DIOS,MADRE DE DIOS,PARTIDO POLITICO NACIONAL PERU LIBRE,MAYRA ELIZABETH HERMOZA SOVRINO
117,10000082,ALIANZA LIBERTAD MADREDIOSENSE,,100.0,415,415,"6,712",10000082.jpg,8.744,7.469,16,05/10/2022,10:11 h,98.5748,MADRE DE DIOS,MADRE DE DIOS,ALIANZA LIBERTAD MADREDIOSENSE,FREDDY ALVARO VRACKO METZGER
118,83,MOVIMIENTO REGIONAL FUERZA POR MADRE DE DIOS - MR FMDD,,100.0,415,415,"10,176",00000083.jpg,13.257,11.323,16,05/10/2022,10:11 h,98.5748,MADRE DE DIOS,MADRE DE DIOS,MOVIMIENTO REGIONAL FUERZA POR MADRE DE DIOS - MR FMDD,JUAN IMURA CJUNO
119,10000081,MOVIMIENTO INDEPENDIENTE AMOR POR MADRE DE DIOS,,100.0,415,415,"20,525",10000081.jpg,26.74,22.839,16,05/10/2022,10:11 h,98.5748,MADRE DE DIOS,MADRE DE DIOS,MOVIMIENTO INDEPENDIENTE AMOR POR MADRE DE DIOS,SIMON PEDRO HORNA ALPACA
120,7,AVANZA PAIS - PARTIDO DE INTEGRACION SOCIAL,,100.0,415,415,"24,380",00000007.jpg,31.762,27.129,16,05/10/2022,10:11 h,98.5748,MADRE DE DIOS,MADRE DE DIOS,AVANZA PAIS - PARTIDO DE INTEGRACION SOCIAL,LUIS OTSUKA SALAZAR
121,84,MOVIMIENTO REGIONAL SOMOS MAS,,100.0,516,516,"4,534",00000084.jpg,4.635,3.735,17,05/10/2022,10:11 h,99.0403,MOQUEGUA,MOQUEGUA,MOVIMIENTO REGIONAL SOMOS MAS,NERI FELIPE TORRES GUTIERREZ
122,88,NUESTRO ILO - MOQUEGUA - SANCHEZ CERRO,,100.0,516,516,"7,545",00000088.jpg,7.713,6.215,17,05/10/2022,10:11 h,99.0403,MOQUEGUA,MOQUEGUA,NUESTRO ILO - MOQUEGUA - SANCHEZ CERRO,JENCY CAVIEDES BEDREGAL
123,4,ALIANZA PARA EL PROGRESO,,100.0,516,516,"7,912",00000004.jpg,8.088,6.517,17,05/10/2022,10:11 h,99.0403,MOQUEGUA,MOQUEGUA,ALIANZA PARA EL PROGRESO,TEOFILA FRANCISCA ROMERO MAMANI
124,8,PARTIDO POLITICO NACIONAL PERU LIBRE,,100.0,516,516,"8,138",00000008.jpg,8.319,6.704,17,05/10/2022,10:11 h,99.0403,MOQUEGUA,MOQUEGUA,PARTIDO POLITICO NACIONAL PERU LIBRE,SALVADOR HUMPIRI CACERES
125,9,PODEMOS PERU,,100.0,516,516,"18,144",00000009.jpg,18.549,14.946,17,05/10/2022,10:11 h,99.0403,MOQUEGUA,MOQUEGUA,PODEMOS PERU,JOHAN FLORES VILLEGAS
126,2,PARTIDO DEMOCRATICO SOMOS PERU,,100.0,516,516,"24,105",00000002.jpg,24.642,19.856,17,05/10/2022,10:11 h,99.0403,MOQUEGUA,MOQUEGUA,PARTIDO DEMOCRATICO SOMOS PERU,GILIA NINFA GUTIERREZ AYALA
127,85,KAUSACHUN,,100.0,516,516,"27,441",00000085.jpg,28.053,22.604,17,05/10/2022,10:11 h,99.0403,MOQUEGUA,MOQUEGUA,KAUSACHUN,JAIME ALBERTO RODRIGUEZ VILLANUEVA
128,8,PARTIDO POLITICO NACIONAL PERU LIBRE,,100.0,725,725,"4,082",00000008.jpg,3.382,2.793,18,05/10/2022,10:11 h,99.3151,PASCO,PASCO,PARTIDO POLITICO NACIONAL PERU LIBRE,ALENI MAURICIO PALPAN
129,92,MOVIMIENTO REGIONAL JUVENTUD PASQUEÑA,,100.0,725,725,"6,273",00000092.jpg,5.198,4.292,18,05/10/2022,10:11 h,99.3151,PASCO,PASCO,MOVIMIENTO REGIONAL JUVENTUD PASQUEÑA,NEFTALI EUCLIDES MUÑOZ FERNANDEZ
130,11,PARTIDO FRENTE DE LA ESPERANZA 2021,,100.0,725,725,"14,747",00000011.jpg,12.219,10.09,18,05/10/2022,10:11 h,99.3151,PASCO,PASCO,PARTIDO FRENTE DE LA ESPERANZA 2021,LUCIO ROJAS VITOR
131,94,PASCO DIGNIDAD,,100.0,725,725,"15,981",00000094.jpg,13.242,10.934,18,05/10/2022,10:11 h,99.3151,PASCO,PASCO,PASCO DIGNIDAD,CAYO CONDEZO MEZA
132,9,PODEMOS PERU,,100.0,725,725,"24,415",00000009.jpg,20.23,16.705,18,05/10/2022,10:11 h,99.3151,PASCO,PASCO,PODEMOS PERU,RUDY EDWIN CALLUPE GORA
133,2,PARTIDO DEMOCRATICO SOMOS PERU,,100.0,725,725,"25,691",00000002.jpg,21.288,17.578,18,05/10/2022,10:11 h,99.3151,PASCO,PASCO,PARTIDO DEMOCRATICO SOMOS PERU,JUAN LUIS CHOMBO HEREDIA
134,93,PASCO VERDE,,100.0,725,725,"29,496",00000093.jpg,24.44,20.181,18,05/10/2022,10:11 h,99.3151,PASCO,PASCO,PASCO VERDE,ZUMEL TRUJILLO BRAVO
135,141,PARTIDO PATRIOTICO DEL PERU,,100.0,"4,689","4,689","2,441",00000141.jpg,0.27,0.225,19,05/10/2022,10:11 h,96.5808,PIURA,PIURA,PARTIDO PATRIOTICO DEL PERU,GUILLERMO CHAVEZ TIMOTEO
136,8,PARTIDO POLITICO NACIONAL PERU LIBRE,,100.0,"4,689","4,689","16,500",00000008.jpg,1.828,1.524,19,05/10/2022,10:11 h,96.5808,PIURA,PIURA,PARTIDO POLITICO NACIONAL PERU LIBRE,DIANA CAROLINA MOSCOL MORE
137,11,PARTIDO FRENTE DE LA ESPERANZA 2021,,100.0,"4,689","4,689","20,179",00000011.jpg,2.235,1.864,19,05/10/2022,10:11 h,96.5808,PIURA,PIURA,PARTIDO FRENTE DE LA ESPERANZA 2021,CARLOS ALBERTO MONTERO VILLEGAS
138,6,FUERZA POPULAR,,100.0,"4,689","4,689","22,232",00000006.jpg,2.463,2.053,19,05/10/2022,10:11 h,96.5808,PIURA,PIURA,FUERZA POPULAR,MARVIN ALBERTO ALVAREZ ARECHAGA
139,9,PODEMOS PERU,,100.0,"4,689","4,689","22,524",00000009.jpg,2.495,2.08,19,05/10/2022,10:11 h,96.5808,PIURA,PIURA,PODEMOS PERU,SOFIANA DEL CARMEN GRACIANO GUERRA
140,99,PIURA RENACE,,100.0,"4,689","4,689","41,865",00000099.jpg,4.637,3.867,19,05/10/2022,10:11 h,96.5808,PIURA,PIURA,PIURA RENACE,ANGELICA MARIA PALOMINO SAAVEDRA
141,4,ALIANZA PARA EL PROGRESO,,100.0,"4,689","4,689","51,272",00000004.jpg,5.679,4.736,19,05/10/2022,10:11 h,96.5808,PIURA,PIURA,ALIANZA PARA EL PROGRESO,EDWARD ALEXANDER ZARATE ANTON
142,2,PARTIDO DEMOCRATICO SOMOS PERU,,100.0,"4,689","4,689","88,159",00000002.jpg,9.765,8.143,19,05/10/2022,10:11 h,96.5808,PIURA,PIURA,PARTIDO DEMOCRATICO SOMOS PERU,LUIS REYMUNDO DIOSES GUZMAN
143,95,MOVIMIENTO INDEPENDIENTE FUERZA REGIONAL,,100.0,"4,689","4,689","99,340",00000095.jpg,11.004,9.176,19,05/10/2022,10:11 h,96.5808,PIURA,PIURA,MOVIMIENTO INDEPENDIENTE FUERZA REGIONAL,MARIO JAVIER QUISPE SUAREZ
144,97,REGION PARA TODOS,,100.0,"4,689","4,689","150,037",00000097.jpg,16.619,13.858,19,05/10/2022,10:11 h,96.5808,PIURA,PIURA,REGION PARA TODOS,SANTIAGO ENRIQUE PAZ LOPEZ
145,96,CONTIGO REGION,,100.0,"4,689","4,689","164,524",00000096.jpg,18.224,15.196,19,05/10/2022,10:11 h,96.5808,PIURA,PIURA,CONTIGO REGION,LUIS ERNESTO NEYRA LEON
146,98,ORGANIZACION POLITICA UNIDAD REGIONAL,,100.0,"4,689","4,689","223,704",00000098.jpg,24.78,20.663,19,05/10/2022,10:11 h,96.5808,PIURA,PIURA,ORGANIZACION POLITICA UNIDAD REGIONAL,REYNALDO ADOLFO HILBCK GUZMAN
147,4,ALIANZA PARA EL PROGRESO,,100.0,"3,202","3,202","10,888",00000004.jpg,1.744,1.418,20,05/10/2022,10:11 h,99.2560,PUNO,PUNO,ALIANZA PARA EL PROGRESO,IRENE CARCAUSTO HUANCA
148,11,PARTIDO FRENTE DE LA ESPERANZA 2021,,100.0,"3,202","3,202","19,050",00000011.jpg,3.051,2.481,20,05/10/2022,10:11 h,99.2560,PUNO,PUNO,PARTIDO FRENTE DE LA ESPERANZA 2021,FERNANDO SALAS TAPIA
149,8,PARTIDO POLITICO NACIONAL PERU LIBRE,,100.0,"3,202","3,202","32,379",00000008.jpg,5.186,4.217,20,05/10/2022,10:11 h,99.2560,PUNO,PUNO,PARTIDO POLITICO NACIONAL PERU LIBRE,JULIO ADOLFO IRURI DAVILA
150,100,FRENTE AMPLIO PARA EL DESARROLLO DEL PUEBLO,,100.0,"3,202","3,202","45,282",00000100.jpg,7.253,5.898,20,05/10/2022,10:11 h,99.2560,PUNO,PUNO,FRENTE AMPLIO PARA EL DESARROLLO DEL PUEBLO,EDGAR HUGO SUPO TIPULA
151,107,GESTIONANDO OBRAS Y OPORTUNIDADES CON LIDERAZGO,,100.0,"3,202","3,202","48,914",00000107.jpg,7.834,6.371,20,05/10/2022,10:11 h,99.2560,PUNO,PUNO,GESTIONANDO OBRAS Y OPORTUNIDADES CON LIDERAZGO,HUGO RAUL TAPARA SAYA
152,104,SOMOS PUEBLO,,100.0,"3,202","3,202","55,313",00000104.jpg,8.859,7.204,20,05/10/2022,10:11 h,99.2560,PUNO,PUNO,SOMOS PUEBLO,WILBER CUTIPA ALEJO
153,103,MORAL Y DESARROLLO,,100.0,"3,202","3,202","88,881",00000103.jpg,14.235,11.576,20,05/10/2022,10:11 h,99.2560,PUNO,PUNO,MORAL Y DESARROLLO,HUGO CESAR QUINTO HUAMAN
154,102,MOVIMIENTO DE INTEGRACION Y REVOLUCION ANDINA,,100.0,"3,202","3,202","111,677",00000102.jpg,17.887,14.545,20,05/10/2022,10:11 h,99.2560,PUNO,PUNO,MOVIMIENTO DE INTEGRACION Y REVOLUCION ANDINA,JHOMAR MARCELINO TONCONI QUISPE
155,105,REFORMA Y HONRADEZ POR MAS OBRAS,,100.0,"3,202","3,202","211,979",00000105.jpg,33.951,27.609,20,05/10/2022,10:11 h,99.2560,PUNO,PUNO,REFORMA Y HONRADEZ POR MAS OBRAS,RICHARD HANCCO SONCCO
156,6,FUERZA POPULAR,,100.0,"2,224","2,224","3,998",00000006.jpg,0.968,0.811,21,05/10/2022,10:11 h,97.1179,SAN MARTÍN,SAN MARTÍN,FUERZA POPULAR,ALIBE CARDENAS RIOS
157,111,NUEVA AMAZONIA,,100.0,"2,224","2,224","11,027",00000111.jpg,2.67,2.236,21,05/10/2022,10:11 h,97.1179,SAN MARTÍN,SAN MARTÍN,NUEVA AMAZONIA,CARLOS JOB GOMEZ TORRES
158,1,ACCION POPULAR,,100.0,"2,224","2,224","32,849",00000001.jpg,7.953,6.662,21,05/10/2022,10:11 h,97.1179,SAN MARTÍN,SAN MARTÍN,ACCION POPULAR,TEDY DEL AGUILA GRONERTH
159,112,UNION REGIONAL,,100.0,"2,224","2,224","39,676",00000112.jpg,9.606,8.046,21,05/10/2022,10:11 h,97.1179,SAN MARTÍN,SAN MARTÍN,UNION REGIONAL,VICTOR HUGO DIAZ MEJIA
160,4,ALIANZA PARA EL PROGRESO,,100.0,"2,224","2,224","69,258",00000004.jpg,16.769,14.045,21,05/10/2022,10:11 h,97.1179,SAN MARTÍN,SAN MARTÍN,ALIANZA PARA EL PROGRESO,JORGE PANDURO RUIZ
161,7,AVANZA PAIS - PARTIDO DE INTEGRACION SOCIAL,,100.0,"2,224","2,224","87,040",00000007.jpg,21.074,17.651,21,05/10/2022,10:11 h,97.1179,SAN MARTÍN,SAN MARTÍN,AVANZA PAIS - PARTIDO DE INTEGRACION SOCIAL,MAXIMO OSCAR CABRERA CABRERA
162,2,PARTIDO DEMOCRATICO SOMOS PERU,,100.0,"2,224","2,224","169,176",00000002.jpg,40.96,34.308,21,05/10/2022,10:11 h,97.1179,SAN MARTÍN,SAN MARTÍN,PARTIDO DEMOCRATICO SOMOS PERU,WALTER GRUNDEL JIMENEZ
163,4,ALIANZA PARA EL PROGRESO,,100.0,954,954,"1,501",00000004.jpg,0.768,0.656,22,05/10/2022,10:11 h,97.9466,TACNA,TACNA,ALIANZA PARA EL PROGRESO,RUTH QUISPE APAZA
164,2,PARTIDO DEMOCRATICO SOMOS PERU,,100.0,954,954,"2,228",00000002.jpg,1.141,0.973,22,05/10/2022,10:11 h,97.9466,TACNA,TACNA,PARTIDO DEMOCRATICO SOMOS PERU,NORMA GEOVANA ANCHAPURI ADUVIRI
165,3,RENOVACION POPULAR,,100.0,954,954,"2,251",00000003.jpg,1.152,0.983,22,05/10/2022,10:11 h,97.9466,TACNA,TACNA,RENOVACION POPULAR,CARMEN JULIA RIVERA GUTIERREZ
166,118,IGUALDAD NACIONAL CRISTIANA AUTONOMA - INCA,,100.0,954,954,"2,636",00000118.jpg,1.35,1.152,22,05/10/2022,10:11 h,97.9466,TACNA,TACNA,IGUALDAD NACIONAL CRISTIANA AUTONOMA - INCA,WILLY MARCA LAYME
167,11,PARTIDO FRENTE DE LA ESPERANZA 2021,,100.0,954,954,"2,877",00000011.jpg,1.473,1.257,22,05/10/2022,10:11 h,97.9466,TACNA,TACNA,PARTIDO FRENTE DE LA ESPERANZA 2021,SONIA MATILDE HUAYLLA MARCOS
168,9,PODEMOS PERU,,100.0,954,954,"2,986",00000009.jpg,1.529,1.304,22,05/10/2022,10:11 h,97.9466,TACNA,TACNA,PODEMOS PERU,MILCA ROSARIO VASQUEZ MAMANI
169,8,PARTIDO POLITICO NACIONAL PERU LIBRE,,100.0,954,954,"4,961",00000008.jpg,2.54,2.167,22,05/10/2022,10:11 h,97.9466,TACNA,TACNA,PARTIDO POLITICO NACIONAL PERU LIBRE,HENRY EFRAIN GONZALES MAMANI
170,114,NUEVA ESPERANZA,,100.0,954,954,"17,298",00000114.jpg,8.856,7.557,22,05/10/2022,10:11 h,97.9466,TACNA,TACNA,NUEVA ESPERANZA,DAYAN WILSON JIMENEZ SALAS
171,116,FRENTE ESPERANZA POR TACNA,,100.0,954,954,"27,070",00000116.jpg,13.859,11.826,22,05/10/2022,10:11 h,97.9466,TACNA,TACNA,FRENTE ESPERANZA POR TACNA,MARCO ALVARO LIMACHI ALANOCA
172,113,BANDERAS TACNEÑISTAS,,100.0,954,954,"31,006",00000113.jpg,15.874,13.545,22,05/10/2022,10:11 h,97.9466,TACNA,TACNA,BANDERAS TACNEÑISTAS,FERNANDO PABLO MARTORELL SOBERO
173,119,SIEMPRE TACNA,,100.0,954,954,"40,715",00000119.jpg,20.845,17.787,22,05/10/2022,10:11 h,97.9466,TACNA,TACNA,SIEMPRE TACNA,SEGUNDO MARIO RUIZ RUBIO
174,115,MOVIMIENTO INDEPENDIENTE REGIONAL FUERZA TACNA,,100.0,954,954,"59,797",00000115.jpg,30.614,26.123,22,05/10/2022,10:11 h,97.9466,TACNA,TACNA,MOVIMIENTO INDEPENDIENTE REGIONAL FUERZA TACNA,LUIS RAMON TORRES ROBLEDO
175,2,PARTIDO DEMOCRATICO SOMOS PERU,,100.0,568,568,"2,797",00000002.jpg,2.965,2.091,23,05/10/2022,10:11 h,97.4271,TUMBES,TUMBES,PARTIDO DEMOCRATICO SOMOS PERU,CINTHIA TERESITA DIOS TINOCO
176,11,PARTIDO FRENTE DE LA ESPERANZA 2021,,100.0,568,568,"3,514",00000011.jpg,3.725,2.627,23,05/10/2022,10:11 h,97.4271,TUMBES,TUMBES,PARTIDO FRENTE DE LA ESPERANZA 2021,HILDA ANTONIETA CRESPO ARIAS
177,124,"UNIDAD, EXPERIENCIA Y TRABAJO CON ETICA",,100.0,568,568,"6,221",00000124.jpg,6.594,4.651,23,05/10/2022,10:11 h,97.4271,TUMBES,TUMBES,"UNIDAD, EXPERIENCIA Y TRABAJO CON ETICA",ELVIS ERKMAN MENDOZA AGUILAR
178,8,PARTIDO POLITICO NACIONAL PERU LIBRE,,100.0,568,568,"7,568",00000008.jpg,8.021,5.659,23,05/10/2022,10:11 h,97.4271,TUMBES,TUMBES,PARTIDO POLITICO NACIONAL PERU LIBRE,NATALIA NATALI JIMENEZ VELASQUEZ
179,6,FUERZA POPULAR,,100.0,568,568,"8,430",00000006.jpg,8.935,6.303,23,05/10/2022,10:11 h,97.4271,TUMBES,TUMBES,FUERZA POPULAR,JUAN CARLO YUYES MEZA
180,123,RENOVACION TUMBESINA,,100.0,568,568,"14,330",00000123.jpg,15.189,10.715,23,05/10/2022,10:11 h,97.4271,TUMBES,TUMBES,RENOVACION TUMBESINA,CARLOS MANUEL ROLANDO FEIJOO RUIZ
181,125,MOVIMIENTO POLITICO REGIONAL DIGNIDAD TUMBESINA,,100.0,568,568,"20,522",00000125.jpg,21.752,15.344,23,05/10/2022,10:11 h,97.4271,TUMBES,TUMBES,MOVIMIENTO POLITICO REGIONAL DIGNIDAD TUMBESINA,CARMEN ROSA VILLALOBOS GALLARDO
182,4,ALIANZA PARA EL PROGRESO,,100.0,568,568,"30,965",00000004.jpg,32.82,23.153,23,05/10/2022,10:11 h,97.4271,TUMBES,TUMBES,ALIANZA PARA EL PROGRESO,SEGISMUNDO CRUCES ORDINOLA
183,44,SI SE PUEDE CALLAO,,100.0,"2,636","2,636","9,966",00000044.jpg,2.047,1.62,24,05/10/2022,10:11 h,94.9910,CALLAO,CALLAO,SI SE PUEDE CALLAO,JOHN ISRAEL LEON CALIXTO
184,10,PARTIDO MORADO,,100.0,"2,636","2,636","10,669",00000010.jpg,2.192,1.734,24,05/10/2022,10:11 h,94.9910,CALLAO,CALLAO,PARTIDO MORADO,MIGUEL ANGEL GONZALES SANTOS
185,41,FUERZA CALLAO SEGURO,,100.0,"2,636","2,636","12,749",00000041.jpg,2.619,2.072,24,05/10/2022,10:11 h,94.9910,CALLAO,CALLAO,FUERZA CALLAO SEGURO,RICARDO ELOY BARRENECHEA MATURRANO
186,42,MOVIMIENTO REGIONAL VIVA EL CALLAO,,100.0,"2,636","2,636","14,640",00000042.jpg,3.007,2.379,24,05/10/2022,10:11 h,94.9910,CALLAO,CALLAO,MOVIMIENTO REGIONAL VIVA EL CALLAO,RICHARD POLL ANTON CARRILLO
187,45,POR TI CALLAO,,100.0,"2,636","2,636","16,683",00000045.jpg,3.427,2.711,24,05/10/2022,10:11 h,94.9910,CALLAO,CALLAO,POR TI CALLAO,MIGUEL ALFREDO MONTEVERDE GOSDINSKI
188,6,FUERZA POPULAR,,100.0,"2,636","2,636","21,166",00000006.jpg,4.348,3.44,24,05/10/2022,10:11 h,94.9910,CALLAO,CALLAO,FUERZA POPULAR,MARIA DEL PILAR SUAREZ NOLE
189,9,PODEMOS PERU,,100.0,"2,636","2,636","23,368",00000009.jpg,4.8,3.798,24,05/10/2022,10:11 h,94.9910,CALLAO,CALLAO,PODEMOS PERU,KAREN ELIZABETH RIVERA HUAMAN
190,3,RENOVACION POPULAR,,100.0,"2,636","2,636","27,152",00000003.jpg,5.578,4.412,24,05/10/2022,10:11 h,94.9910,CALLAO,CALLAO,RENOVACION POPULAR,BRUNO ALEXIS MENDOZA LEON
191,11,PARTIDO FRENTE DE LA ESPERANZA 2021,,100.0,"2,636","2,636","28,643",00000011.jpg,5.884,4.655,24,05/10/2022,10:11 h,94.9910,CALLAO,CALLAO,PARTIDO FRENTE DE LA ESPERANZA 2021,LUZ DEL CARMEN BAZALAR MIRANDA
192,2,PARTIDO DEMOCRATICO SOMOS PERU,,100.0,"2,636","2,636","32,082",00000002.jpg,6.59,5.214,24,05/10/2022,10:11 h,94.9910,CALLAO,CALLAO,PARTIDO DEMOCRATICO SOMOS PERU,EUGENIO ANGEL CORDOVA RODRIGUEZ
193,7,AVANZA PAIS - PARTIDO DE INTEGRACION SOCIAL,,100.0,"2,636","2,636","33,101",00000007.jpg,6.8,5.379,24,05/10/2022,10:11 h,94.9910,CALLAO,CALLAO,AVANZA PAIS - PARTIDO DE INTEGRACION SOCIAL,CLUBER FERNANDO ALIAGA LODTMANN
194,40,MOVIMIENTO REGIONAL MAS CALLAO,,100.0,"2,636","2,636","118,158",00000040.jpg,24.273,19.202,24,05/10/2022,10:11 h,94.9910,CALLAO,CALLAO,MOVIMIENTO REGIONAL MAS CALLAO,CIRO RONALD CASTILLO ROJO SALAS
195,43,CONTIGO CALLAO,,100.0,"2,636","2,636","138,419",00000043.jpg,28.435,22.495,24,05/10/2022,10:11 h,94.9910,CALLAO,CALLAO,CONTIGO CALLAO,MIGUEL FRANCISCO CORDANO RODRIGUEZ
196,4,ALIANZA PARA EL PROGRESO,,100.0,"1,304","1,304","6,009",00000004.jpg,3.303,2.232,25,05/10/2022,10:11 h,94.4928,UCAYALI,UCAYALI,ALIANZA PARA EL PROGRESO,DORIS MERCEDES MENDOZA FABABA
197,2,PARTIDO DEMOCRATICO SOMOS PERU,,100.0,"1,304","1,304","8,390",00000002.jpg,4.612,3.116,25,05/10/2022,10:11 h,94.4928,UCAYALI,UCAYALI,PARTIDO DEMOCRATICO SOMOS PERU,ELVA REATEGUI DAVILA
198,11,PARTIDO FRENTE DE LA ESPERANZA 2021,,100.0,"1,304","1,304","11,291",00000011.jpg,6.207,4.193,25,05/10/2022,10:11 h,94.4928,UCAYALI,UCAYALI,PARTIDO FRENTE DE LA ESPERANZA 2021,ZENAYDA EMILIA ESTRADA TUESTA
199,7,AVANZA PAIS - PARTIDO DE INTEGRACION SOCIAL,,100.0,"1,304","1,304","15,056",00000007.jpg,8.277,5.592,25,05/10/2022,10:11 h,94.4928,UCAYALI,UCAYALI,AVANZA PAIS - PARTIDO DE INTEGRACION SOCIAL,BROOKE DEL PILAR ROMERO MACEDO
200,8,PARTIDO POLITICO NACIONAL PERU LIBRE,,100.0,"1,304","1,304","29,061",00000008.jpg,15.977,10.793,25,05/10/2022,10:11 h,94.4928,UCAYALI,UCAYALI,PARTIDO POLITICO NACIONAL PERU LIBRE,ABEL VASQUEZ PANDURO
201,1,ACCION POPULAR,,100.0,"1,304","1,304","43,479",00000001.jpg,23.903,16.148,25,05/10/2022,10:11 h,94.4928,UCAYALI,UCAYALI,ACCION POPULAR,CELIA ISABEL PRADO SEIJAS
202,129,MOVIMIENTO INDEPENDIENTE REGIONAL CAMBIO UCAYALINO,,100.0,"1,304","1,304","68,612",00000129.jpg,37.72,25.482,25,05/10/2022,10:11 h,94.4928,UCAYALI,UCAYALI,MOVIMIENTO INDEPENDIENTE REGIONAL CAMBIO UCAYALINO,MANUEL GAMBINI RUPAY
