,C_CODI_AGP,AGRUPACION,IMAGENAGRUPACION,PORC_AVANCE_ACTA,ACTAS_COMPUTADA,TOTAL_MESAS,TOTAL_VOTOS,NLISTA,POR_VALIDOS,POR_EMITIDOS,cod_distrito,fecha,hora,avance,distrito,postulaDistrito,organizacionPolitica,nombreCompleto,feNacimiento,txSexo
8,8,PARTIDO POLITICO NACIONAL PERU LIBRE,,100.0,128,128,458,00000008.jpg,1.659,1.498,02,05/10/2022,17:55 h,97.7099,ANCÓN,ANCÓN,PARTIDO POLITICO NACIONAL PERU LIBRE,JULIAN TEOFILO CALDAS MEGO,1973-01-08T00:00:00,M
9,7,AVANZA PAIS - PARTIDO DE INTEGRACION SOCIAL,,100.0,128,128,"1,212",00000007.jpg,4.389,3.964,02,05/10/2022,17:55 h,97.7099,ANCÓN,ANCÓN,AVANZA PAIS - PARTIDO DE INTEGRACION SOCIAL,PABLO CESAR RAMOS OCAÑA,1979-05-10T00:00:00,M
10,5,JUNTOS POR EL PERU,,100.0,128,128,"1,658",00000005.jpg,6.004,5.423,02,05/10/2022,17:55 h,97.7099,ANCÓN,ANCÓN,JUNTOS POR EL PERU,MARIO GUZMAN ALFARO,1971-01-04T00:00:00,M
11,11,PARTIDO FRENTE DE LA ESPERANZA 2021,,100.0,128,128,"2,017",00000011.jpg,7.304,6.598,02,05/10/2022,17:55 h,97.7099,ANCÓN,ANCÓN,PARTIDO FRENTE DE LA ESPERANZA 2021,LUISA SILVIA BENITES CASTILLO,1966-08-25T00:00:00,F
12,4,ALIANZA PARA EL PROGRESO,,100.0,128,128,"3,529",00000004.jpg,12.779,11.543,02,05/10/2022,17:55 h,97.7099,ANCÓN,ANCÓN,ALIANZA PARA EL PROGRESO,FELIPE ARAKAKI SHAPIAMA,1973-03-16T00:00:00,M
13,3,RENOVACION POPULAR,,100.0,128,128,"3,661",00000003.jpg,13.257,11.975,02,05/10/2022,17:55 h,97.7099,ANCÓN,ANCÓN,RENOVACION POPULAR,RAFAEL JESUS ZAPATA YESQUEN,1969-06-02T00:00:00,M
14,2,PARTIDO DEMOCRATICO SOMOS PERU,,100.0,128,128,"5,876",00000002.jpg,21.278,19.22,02,05/10/2022,17:55 h,97.7099,ANCÓN,ANCÓN,PARTIDO DEMOCRATICO SOMOS PERU,FERNANDO ANDRES CASTILLO RAMIREZ,1993-01-22T00:00:00,M
15,9,PODEMOS PERU,,100.0,128,128,"9,204",00000009.jpg,33.33,30.106,02,05/10/2022,17:55 h,97.7099,ANCÓN,ANCÓN,PODEMOS PERU,SAMUEL MARCOS DAZA TAYPE,1972-10-06T00:00:00,M
16,8,PARTIDO POLITICO NACIONAL PERU LIBRE,,100.0,"1,545","1,545","8,095",00000008.jpg,2.498,2.21,03,05/10/2022,17:55 h,98.4704,ATE,ATE,PARTIDO POLITICO NACIONAL PERU LIBRE,MARIA ANGELICA TUPACYUPANQUI LINDO,1979-06-30T00:00:00,F
17,5,JUNTOS POR EL PERU,,100.0,"1,545","1,545","24,802",00000005.jpg,7.654,6.771,03,05/10/2022,17:55 h,98.4704,ATE,ATE,JUNTOS POR EL PERU,GEORGINA GRIMALDA BUENDIA SALVADOR,1964-04-25T00:00:00,F
18,4,ALIANZA PARA EL PROGRESO,,100.0,"1,545","1,545","25,815",00000004.jpg,7.967,7.048,03,05/10/2022,17:55 h,98.4704,ATE,ATE,ALIANZA PARA EL PROGRESO,OSCAR BENAVIDES MAJINO,1948-02-08T00:00:00,M
19,11,PARTIDO FRENTE DE LA ESPERANZA 2021,,100.0,"1,545","1,545","27,588",00000011.jpg,8.514,7.532,03,05/10/2022,17:55 h,98.4704,ATE,,,,,
20,7,AVANZA PAIS - PARTIDO DE INTEGRACION SOCIAL,,100.0,"1,545","1,545","32,459",00000007.jpg,10.017,8.862,03,05/10/2022,17:55 h,98.4704,ATE,ATE,AVANZA PAIS - PARTIDO DE INTEGRACION SOCIAL,FRANCO VIDAL MORALES,1995-04-02T00:00:00,M
21,2,PARTIDO DEMOCRATICO SOMOS PERU,,100.0,"1,545","1,545","51,441",00000002.jpg,15.875,14.044,03,05/10/2022,17:55 h,98.4704,ATE,ATE,PARTIDO DEMOCRATICO SOMOS PERU,SIMON ORTIZ TALAVERANO,1963-06-02T00:00:00,M
22,3,RENOVACION POPULAR,,100.0,"1,545","1,545","56,706",00000003.jpg,17.5,15.481,03,05/10/2022,17:55 h,98.4704,ATE,ATE,RENOVACION POPULAR,JEFFERSON VELAZCO LAGO,1983-07-04T00:00:00,M
23,9,PODEMOS PERU,,100.0,"1,545","1,545","97,122",00000009.jpg,29.973,26.515,03,05/10/2022,17:55 h,98.4704,ATE,ATE,PODEMOS PERU,JUAN ENRIQUE DUPUY GARCIA,1965-10-16T00:00:00,M
24,8,PARTIDO POLITICO NACIONAL PERU LIBRE,,100.0,337,337,533,00000008.jpg,0.753,0.681,04,05/10/2022,17:55 h,96.0114,BREÑA,,,,,
25,7,AVANZA PAIS - PARTIDO DE INTEGRACION SOCIAL,,100.0,337,337,"2,368",00000007.jpg,3.344,3.026,04,05/10/2022,17:55 h,96.0114,BREÑA,BREÑA,AVANZA PAIS - PARTIDO DE INTEGRACION SOCIAL,JUAN HUMBERTO CHUMPITAZ RAMIREZ,1975-08-04T00:00:00,M
26,4,ALIANZA PARA EL PROGRESO,,100.0,337,337,"2,403",00000004.jpg,3.394,3.071,04,05/10/2022,17:55 h,96.0114,BREÑA,BREÑA,ALIANZA PARA EL PROGRESO,JIMMY FERNANDO SOLORZANO ORCO,1978-08-05T00:00:00,M
27,5,JUNTOS POR EL PERU,,100.0,337,337,"3,688",00000005.jpg,5.209,4.713,04,05/10/2022,17:55 h,96.0114,BREÑA,BREÑA,JUNTOS POR EL PERU,DANIEL ENRIQUE NATIVIDAD SANCHEZ,1973-12-19T00:00:00,M
28,11,PARTIDO FRENTE DE LA ESPERANZA 2021,,100.0,337,337,"8,016",00000011.jpg,11.321,10.245,04,05/10/2022,17:55 h,96.0114,BREÑA,BREÑA,PARTIDO FRENTE DE LA ESPERANZA 2021,JUAN JOSE GONZALES SALDAÑA,1947-09-07T00:00:00,M
29,2,PARTIDO DEMOCRATICO SOMOS PERU,,100.0,337,337,"13,622",00000002.jpg,19.239,17.409,04,05/10/2022,17:55 h,96.0114,BREÑA,BREÑA,PARTIDO DEMOCRATICO SOMOS PERU,GILBERTO AMPUERO AVENDAÑO,1967-12-17T00:00:00,M
30,9,PODEMOS PERU,,100.0,337,337,"18,099",00000009.jpg,25.562,23.131,04,05/10/2022,17:55 h,96.0114,BREÑA,BREÑA,PODEMOS PERU,LUIS FELIPE DE LA MATA MARTINEZ,1953-09-08T00:00:00,M
31,3,RENOVACION POPULAR,,100.0,337,337,"22,076",00000003.jpg,31.179,28.214,04,05/10/2022,17:55 h,96.0114,BREÑA,BREÑA,RENOVACION POPULAR,ISABEL MARIA RODRIGUEZ VERA,1955-07-13T00:00:00,F
32,7,AVANZA PAIS - PARTIDO DE INTEGRACION SOCIAL,,100.0,725,725,"2,766",00000007.jpg,1.811,1.59,05,05/10/2022,17:55 h,96.5379,CARABAYLLO,CARABAYLLO,AVANZA PAIS - PARTIDO DE INTEGRACION SOCIAL,ARMANDO DE LA CRUZ OROSCO,1978-05-13T00:00:00,M
33,8,PARTIDO POLITICO NACIONAL PERU LIBRE,,100.0,725,725,"3,507",00000008.jpg,2.296,2.016,05,05/10/2022,17:55 h,96.5379,CARABAYLLO,CARABAYLLO,PARTIDO POLITICO NACIONAL PERU LIBRE,EMERSON LOPEZ DELGADO,1972-01-19T00:00:00,M
34,5,JUNTOS POR EL PERU,,100.0,725,725,"11,250",00000005.jpg,7.366,6.467,05,05/10/2022,17:55 h,96.5379,CARABAYLLO,CARABAYLLO,JUNTOS POR EL PERU,JUAN CARLOS HUAYANAY MORMONTOY,1987-04-16T00:00:00,M
35,11,PARTIDO FRENTE DE LA ESPERANZA 2021,,100.0,725,725,"15,175",00000011.jpg,9.936,8.723,05,05/10/2022,17:55 h,96.5379,CARABAYLLO,CARABAYLLO,PARTIDO FRENTE DE LA ESPERANZA 2021,ROGER GALINDO PINEDA CAMUS,1964-02-11T00:00:00,M
36,4,ALIANZA PARA EL PROGRESO,,100.0,725,725,"15,866",00000004.jpg,10.389,9.12,05,05/10/2022,17:55 h,96.5379,CARABAYLLO,CARABAYLLO,ALIANZA PARA EL PROGRESO,JUAN LADISLAO ESPINOZA ORTIZ,1965-06-27T00:00:00,M
37,3,RENOVACION POPULAR,,100.0,725,725,"29,433",00000003.jpg,19.272,16.919,05,05/10/2022,17:55 h,96.5379,CARABAYLLO,CARABAYLLO,RENOVACION POPULAR,NANDY JANETH CORDOVA MORALES,1985-09-10T00:00:00,F
38,2,PARTIDO DEMOCRATICO SOMOS PERU,,100.0,725,725,"32,280",00000002.jpg,21.136,18.555,05,05/10/2022,17:55 h,96.5379,CARABAYLLO,CARABAYLLO,PARTIDO DEMOCRATICO SOMOS PERU,PABLO MENDOZA CUEVA,1957-10-14T00:00:00,M
39,9,PODEMOS PERU,,100.0,725,725,"42,447",00000009.jpg,27.793,24.399,05,05/10/2022,17:55 h,96.5379,CARABAYLLO,CARABAYLLO,PODEMOS PERU,WILMER ROBERTO VALVERDE VALVERDE,1977-09-11T00:00:00,M
40,8,PARTIDO POLITICO NACIONAL PERU LIBRE,,100.0,"1,444","1,444","4,433",00000008.jpg,1.439,1.283,06,05/10/2022,17:55 h,98.9719,COMAS,COMAS,PARTIDO POLITICO NACIONAL PERU LIBRE,JESUS JOSE AMBROSIO GASPAR,1964-06-08T00:00:00,M
41,7,AVANZA PAIS - PARTIDO DE INTEGRACION SOCIAL,,100.0,"1,444","1,444","12,085",00000007.jpg,3.924,3.499,06,05/10/2022,17:55 h,98.9719,COMAS,COMAS,AVANZA PAIS - PARTIDO DE INTEGRACION SOCIAL,JEAN POOL GRANADOS LAZO,1979-11-27T00:00:00,M
42,5,JUNTOS POR EL PERU,,100.0,"1,444","1,444","22,094",00000005.jpg,7.173,6.397,06,05/10/2022,17:55 h,98.9719,COMAS,COMAS,JUNTOS POR EL PERU,HÉCTOR DARIO ONTÓN OROZCO,1961-12-19T00:00:00,M
43,4,ALIANZA PARA EL PROGRESO,,100.0,"1,444","1,444","23,120",00000004.jpg,7.506,6.694,06,05/10/2022,17:55 h,98.9719,COMAS,COMAS,ALIANZA PARA EL PROGRESO,MIGUEL ANGEL SALDAÑA REATEGUI,1971-01-07T00:00:00,M
44,11,PARTIDO FRENTE DE LA ESPERANZA 2021,,100.0,"1,444","1,444","42,267",00000011.jpg,13.723,12.237,06,05/10/2022,17:55 h,98.9719,COMAS,COMAS,PARTIDO FRENTE DE LA ESPERANZA 2021,ROXANA MARYLIA ARI ACUÑA,1990-01-31T00:00:00,F
45,3,RENOVACION POPULAR,,100.0,"1,444","1,444","59,625",00000003.jpg,19.359,17.262,06,05/10/2022,17:55 h,98.9719,COMAS,COMAS,RENOVACION POPULAR,ALEXIS LORENZO BAÑES RIOS,1981-04-22T00:00:00,M
46,2,PARTIDO DEMOCRATICO SOMOS PERU,,100.0,"1,444","1,444","65,776",00000002.jpg,21.356,19.043,06,05/10/2022,17:55 h,98.9719,COMAS,COMAS,PARTIDO DEMOCRATICO SOMOS PERU,ULISES BELTRAN VILLEGAS ROJAS,1974-07-28T00:00:00,M
47,9,PODEMOS PERU,,100.0,"1,444","1,444","78,602",00000009.jpg,25.52,22.757,06,05/10/2022,17:55 h,98.9719,COMAS,COMAS,PODEMOS PERU,ROBINSON DOCITEO GUPIOC RIOS,1977-07-12T00:00:00,M
48,8,PARTIDO POLITICO NACIONAL PERU LIBRE,,100.0,134,134,840,00000008.jpg,2.988,2.683,07,05/10/2022,17:55 h,98.5294,CHACLACAYO,CHACLACAYO,PARTIDO POLITICO NACIONAL PERU LIBRE,MANUEL RAUL VEGA MAUTINO,1959-08-13T00:00:00,M
49,4,ALIANZA PARA EL PROGRESO,,100.0,134,134,"1,277",00000004.jpg,4.543,4.079,07,05/10/2022,17:55 h,98.5294,CHACLACAYO,CHACLACAYO,ALIANZA PARA EL PROGRESO,PAOLA GISELLE PALOMINO GAMARRA,1981-04-22T00:00:00,F
50,7,AVANZA PAIS - PARTIDO DE INTEGRACION SOCIAL,,100.0,134,134,"1,641",00000007.jpg,5.837,5.242,07,05/10/2022,17:55 h,98.5294,CHACLACAYO,CHACLACAYO,AVANZA PAIS - PARTIDO DE INTEGRACION SOCIAL,LEONIDAS IVAN ALTAMIRANO MATUS,1966-07-14T00:00:00,M
51,5,JUNTOS POR EL PERU,,100.0,134,134,"1,697",00000005.jpg,6.037,5.421,07,05/10/2022,17:55 h,98.5294,CHACLACAYO,CHACLACAYO,JUNTOS POR EL PERU,MARIO DANIEL CUBAS ROMERO,1956-02-14T00:00:00,M
52,11,PARTIDO FRENTE DE LA ESPERANZA 2021,,100.0,134,134,"2,985",00000011.jpg,10.618,9.536,07,05/10/2022,17:55 h,98.5294,CHACLACAYO,CHACLACAYO,PARTIDO FRENTE DE LA ESPERANZA 2021,JAVIER ERNESTO CAJAHUARINGA LAZARTE,1970-12-08T00:00:00,M
53,2,PARTIDO DEMOCRATICO SOMOS PERU,,100.0,134,134,"5,273",00000002.jpg,18.757,16.844,07,05/10/2022,17:55 h,98.5294,CHACLACAYO,CHACLACAYO,PARTIDO DEMOCRATICO SOMOS PERU,CARMEN ROSARIO CARDENAS ALCARRAZ,1981-05-22T00:00:00,F
54,9,PODEMOS PERU,,100.0,134,134,"6,376",00000009.jpg,22.681,20.368,07,05/10/2022,17:55 h,98.5294,CHACLACAYO,CHACLACAYO,PODEMOS PERU,MARCO ANTONIO TELLO CASTRO,1995-07-24T00:00:00,M
55,3,RENOVACION POPULAR,,100.0,134,134,"8,023",00000003.jpg,28.539,25.629,07,05/10/2022,17:55 h,98.5294,CHACLACAYO,CHACLACAYO,RENOVACION POPULAR,SERGIO ANTONIO BAIGORRIA SEAS,1963-02-21T00:00:00,M
56,8,PARTIDO POLITICO NACIONAL PERU LIBRE,,100.0,840,840,"1,976",00000008.jpg,1.089,0.982,08,05/10/2022,17:55 h,96.5517,CHORRILLOS,CHORRILLOS,PARTIDO POLITICO NACIONAL PERU LIBRE,JULIO VALDERRAMA CONTRERAS,1973-02-17T00:00:00,M
57,7,AVANZA PAIS - PARTIDO DE INTEGRACION SOCIAL,,100.0,840,840,"4,118",00000007.jpg,2.27,2.046,08,05/10/2022,17:55 h,96.5517,CHORRILLOS,CHORRILLOS,AVANZA PAIS - PARTIDO DE INTEGRACION SOCIAL,KATSUMI VINCE TOGUCHI CARRILLO,1997-02-11T00:00:00,M
58,5,JUNTOS POR EL PERU,,100.0,840,840,"10,215",00000005.jpg,5.631,5.075,08,05/10/2022,17:55 h,96.5517,CHORRILLOS,CHORRILLOS,JUNTOS POR EL PERU,JOSHADI PAUL ZELADA CCOHUA,1994-12-05T00:00:00,M
59,11,PARTIDO FRENTE DE LA ESPERANZA 2021,,100.0,840,840,"19,117",00000011.jpg,10.539,9.497,08,05/10/2022,17:55 h,96.5517,CHORRILLOS,CHORRILLOS,PARTIDO FRENTE DE LA ESPERANZA 2021,CARMEN ISABEL CUADRA REQUENA,1989-02-05T00:00:00,F
60,4,ALIANZA PARA EL PROGRESO,,100.0,840,840,"19,304",00000004.jpg,10.642,9.59,08,05/10/2022,17:55 h,96.5517,CHORRILLOS,CHORRILLOS,ALIANZA PARA EL PROGRESO,FERNANDO EMILIO VELASCO HUAMAN,1976-07-19T00:00:00,M
61,2,PARTIDO DEMOCRATICO SOMOS PERU,,100.0,840,840,"37,061",00000002.jpg,20.431,18.411,08,05/10/2022,17:55 h,96.5517,CHORRILLOS,CHORRILLOS,PARTIDO DEMOCRATICO SOMOS PERU,RICARDO SANTIAGO VASQUEZ LAGUNA,1974-12-10T00:00:00,M
62,9,PODEMOS PERU,,100.0,840,840,"43,834",00000009.jpg,24.165,21.776,08,05/10/2022,17:55 h,96.5517,CHORRILLOS,CHORRILLOS,PODEMOS PERU,AUGUSTO MIYASHIRO YAMASHIRO,1949-08-08T00:00:00,M
63,3,RENOVACION POPULAR,,100.0,840,840,"45,768",00000003.jpg,25.231,22.736,08,05/10/2022,17:55 h,96.5517,CHORRILLOS,CHORRILLOS,RENOVACION POPULAR,VICTOR LEONIDAS MARCIAL PEREZ,1991-08-16T00:00:00,M
64,8,PARTIDO POLITICO NACIONAL PERU LIBRE,,100.0,626,626,"1,815",00000008.jpg,1.423,1.268,09,05/10/2022,17:55 h,94.9924,LA VICTORIA,LA VICTORIA,PARTIDO POLITICO NACIONAL PERU LIBRE,JORGE JERI JUSCAMAITA,1959-04-23T00:00:00,M
65,7,AVANZA PAIS - PARTIDO DE INTEGRACION SOCIAL,,100.0,626,626,"2,156",00000007.jpg,1.69,1.506,09,05/10/2022,17:55 h,94.9924,LA VICTORIA,LA VICTORIA,AVANZA PAIS - PARTIDO DE INTEGRACION SOCIAL,CESAR RAFAEL IBARRA NUREÑA,1959-09-15T00:00:00,M
66,4,ALIANZA PARA EL PROGRESO,,100.0,626,626,"5,499",00000004.jpg,4.311,3.842,09,05/10/2022,17:55 h,94.9924,LA VICTORIA,LA VICTORIA,ALIANZA PARA EL PROGRESO,HARRY MAX CASTRO DURAND,1967-08-18T00:00:00,M
67,5,JUNTOS POR EL PERU,,100.0,626,626,"6,580",00000005.jpg,5.159,4.597,09,05/10/2022,17:55 h,94.9924,LA VICTORIA,LA VICTORIA,JUNTOS POR EL PERU,WALTER CHIPANA ARHUATA,1978-11-09T00:00:00,M
68,11,PARTIDO FRENTE DE LA ESPERANZA 2021,,100.0,626,626,"12,070",00000011.jpg,9.463,8.432,09,05/10/2022,17:55 h,94.9924,LA VICTORIA,LA VICTORIA,PARTIDO FRENTE DE LA ESPERANZA 2021,MARIO CESAR URIBE RUBIO,1960-03-07T00:00:00,M
69,2,PARTIDO DEMOCRATICO SOMOS PERU,,100.0,626,626,"30,502",00000002.jpg,23.914,21.309,09,05/10/2022,17:55 h,94.9924,LA VICTORIA,LA VICTORIA,PARTIDO DEMOCRATICO SOMOS PERU,ALBERTO FERNANDO MORENO MEJIA,1965-08-26T00:00:00,M
70,9,PODEMOS PERU,,100.0,626,626,"31,130",00000009.jpg,24.406,21.747,09,05/10/2022,17:55 h,94.9924,LA VICTORIA,LA VICTORIA,PODEMOS PERU,MESIAS MAXIMO GONZALES SANCHEZ,1963-10-02T00:00:00,M
71,3,RENOVACION POPULAR,,100.0,626,626,"37,798",00000003.jpg,29.634,26.406,09,05/10/2022,17:55 h,94.9924,LA VICTORIA,LA VICTORIA,RENOVACION POPULAR,RUBEN DIOSCORIDES ANDRES CANO ALTEZ,1957-05-28T00:00:00,M
72,8,PARTIDO POLITICO NACIONAL PERU LIBRE,,100.0,531,531,711,00000008.jpg,0.637,0.596,10,05/10/2022,17:55 h,95.8484,LA MOLINA,LA MOLINA,PARTIDO POLITICO NACIONAL PERU LIBRE,DAVID ALFONSO PALOMINO MALLQUI,1959-03-29T00:00:00,M
73,4,ALIANZA PARA EL PROGRESO,,100.0,531,531,"3,708",00000004.jpg,3.322,3.106,10,05/10/2022,17:55 h,95.8484,LA MOLINA,LA MOLINA,ALIANZA PARA EL PROGRESO,LUIS CARLOS ANTONIO IBERICO NUÑEZ,1959-01-02T00:00:00,M
74,5,JUNTOS POR EL PERU,,100.0,531,531,"4,339",00000005.jpg,3.887,3.634,10,05/10/2022,17:55 h,95.8484,LA MOLINA,LA MOLINA,JUNTOS POR EL PERU,PATRICIA BIVIANA SOTO CASTILLO,1975-04-05T00:00:00,F
75,7,AVANZA PAIS - PARTIDO DE INTEGRACION SOCIAL,,100.0,531,531,"4,773",00000007.jpg,4.276,3.998,10,05/10/2022,17:55 h,95.8484,LA MOLINA,LA MOLINA,AVANZA PAIS - PARTIDO DE INTEGRACION SOCIAL,JUAN CARLOS MARTIN ZUREK PARDO FIGUEROA,1965-11-14T00:00:00,M
76,11,PARTIDO FRENTE DE LA ESPERANZA 2021,,100.0,531,531,"9,934",00000011.jpg,8.9,8.321,10,05/10/2022,17:55 h,95.8484,LA MOLINA,LA MOLINA,PARTIDO FRENTE DE LA ESPERANZA 2021,SANDRO AURELIO BALVIN SAENZ,1967-11-02T00:00:00,M
77,9,PODEMOS PERU,,100.0,531,531,"17,482",00000009.jpg,15.662,14.643,10,05/10/2022,17:55 h,95.8484,LA MOLINA,LA MOLINA,PODEMOS PERU,JULIO EDEN MARTINEZ GARCIA,1981-10-29T00:00:00,M
78,2,PARTIDO DEMOCRATICO SOMOS PERU,,100.0,531,531,"18,597",00000002.jpg,16.661,15.577,10,05/10/2022,17:55 h,95.8484,LA MOLINA,LA MOLINA,PARTIDO DEMOCRATICO SOMOS PERU,NADDER KADHAFI RAUL LOYOLA GRANDA,1987-06-27T00:00:00,M
79,3,RENOVACION POPULAR,,100.0,531,531,"52,079",00000003.jpg,46.656,43.622,10,05/10/2022,17:55 h,95.8484,LA MOLINA,LA MOLINA,RENOVACION POPULAR,ESTEBAN UCEDA GUERRA GARCIA,1959-03-09T00:00:00,M
80,8,PARTIDO POLITICO NACIONAL PERU LIBRE,,100.0,270,270,508,00000008.jpg,0.924,0.849,11,05/10/2022,17:55 h,95.7447,LINCE,LINCE,PARTIDO POLITICO NACIONAL PERU LIBRE,JORGE LUIS BLANCO REYNA,1975-06-05T00:00:00,M
81,7,AVANZA PAIS - PARTIDO DE INTEGRACION SOCIAL,,100.0,270,270,"1,380",00000007.jpg,2.509,2.306,11,05/10/2022,17:55 h,95.7447,LINCE,LINCE,AVANZA PAIS - PARTIDO DE INTEGRACION SOCIAL,LUIS ERNESTO FLORES REATEGUI,1981-06-27T00:00:00,M
82,4,ALIANZA PARA EL PROGRESO,,100.0,270,270,"1,745",00000004.jpg,3.173,2.916,11,05/10/2022,17:55 h,95.7447,LINCE,LINCE,ALIANZA PARA EL PROGRESO,DIANA SELENE SANTOME RETES,1974-04-26T00:00:00,F
83,5,JUNTOS POR EL PERU,,100.0,270,270,"2,404",00000005.jpg,4.371,4.018,11,05/10/2022,17:55 h,95.7447,LINCE,LINCE,JUNTOS POR EL PERU,LUIS ENRIQUE PEREZ PINTO,1988-07-20T00:00:00,M
84,11,PARTIDO FRENTE DE LA ESPERANZA 2021,,100.0,270,270,"5,855",00000011.jpg,10.646,9.785,11,05/10/2022,17:55 h,95.7447,LINCE,,,,,
85,9,PODEMOS PERU,,100.0,270,270,"9,366",00000009.jpg,17.03,15.653,11,05/10/2022,17:55 h,95.7447,LINCE,LINCE,PODEMOS PERU,EDUARDO DANILO ALBARRACIN UGARTE,1975-04-17T00:00:00,M
86,2,PARTIDO DEMOCRATICO SOMOS PERU,,100.0,270,270,"12,204",00000002.jpg,22.191,20.396,11,05/10/2022,17:55 h,95.7447,LINCE,LINCE,PARTIDO DEMOCRATICO SOMOS PERU,GUILLERMO ALEJANDRO ANTONIO ALIAGA PAJARES,1986-10-28T00:00:00,M
87,3,RENOVACION POPULAR,,100.0,270,270,"21,534",00000003.jpg,39.156,35.989,11,05/10/2022,17:55 h,95.7447,LINCE,LINCE,RENOVACION POPULAR,MALCA SCHNAIDERMAN LARA,1950-05-03T00:00:00,F
88,8,PARTIDO POLITICO NACIONAL PERU LIBRE,,100.0,466,466,"2,084",00000008.jpg,2.149,1.898,12,05/10/2022,17:55 h,95.2965,LURIGANCHO,LURIGANCHO,PARTIDO POLITICO NACIONAL PERU LIBRE,PEDRO LEONEL MOREANO CHICLLA,1951-06-29T00:00:00,M
89,7,AVANZA PAIS - PARTIDO DE INTEGRACION SOCIAL,,100.0,466,466,"2,425",00000007.jpg,2.5,2.209,12,05/10/2022,17:55 h,95.2965,LURIGANCHO,LURIGANCHO,AVANZA PAIS - PARTIDO DE INTEGRACION SOCIAL,ENRIQUE FILIBERTO HUANUCO MEJICO,1978-01-17T00:00:00,M
90,4,ALIANZA PARA EL PROGRESO,,100.0,466,466,"9,237",00000004.jpg,9.524,8.414,12,05/10/2022,17:55 h,95.2965,LURIGANCHO,LURIGANCHO,ALIANZA PARA EL PROGRESO,ANGEL MIGUEL VILLA MEZA,1982-10-02T00:00:00,M
91,11,PARTIDO FRENTE DE LA ESPERANZA 2021,,100.0,466,466,"10,331",00000011.jpg,10.652,9.41,12,05/10/2022,17:55 h,95.2965,LURIGANCHO,LURIGANCHO,PARTIDO FRENTE DE LA ESPERANZA 2021,CAROLINA LISA MARTINEZ,1987-05-22T00:00:00,F
92,2,PARTIDO DEMOCRATICO SOMOS PERU,,100.0,466,466,"14,870",00000002.jpg,15.333,13.545,12,05/10/2022,17:55 h,95.2965,LURIGANCHO,LURIGANCHO,PARTIDO DEMOCRATICO SOMOS PERU,ROGER OMAR BELTRAN JIMENEZ,1975-12-14T00:00:00,M
93,5,JUNTOS POR EL PERU,,100.0,466,466,"15,112",00000005.jpg,15.582,13.765,12,05/10/2022,17:55 h,95.2965,LURIGANCHO,LURIGANCHO,JUNTOS POR EL PERU,OSWALDO HERNAN VARGAS CUELLAR,1967-09-14T00:00:00,M
94,3,RENOVACION POPULAR,,100.0,466,466,"18,578",00000003.jpg,19.156,16.922,12,05/10/2022,17:55 h,95.2965,LURIGANCHO,LURIGANCHO,RENOVACION POPULAR,OSCAR MARCIAL QUISPE MATAMOROS,1974-07-03T00:00:00,M
95,9,PODEMOS PERU,,100.0,466,466,"24,346",00000009.jpg,25.103,22.176,12,05/10/2022,17:55 h,95.2965,LURIGANCHO,LURIGANCHO,PODEMOS PERU,CARLOS ALBERTO JESUS PAUCARCHUCO,1966-12-14T00:00:00,M
96,8,PARTIDO POLITICO NACIONAL PERU LIBRE,,100.0,212,212,467,00000008.jpg,0.979,0.893,13,05/10/2022,17:55 h,96.3636,LURÍN,,,,,
97,7,AVANZA PAIS - PARTIDO DE INTEGRACION SOCIAL,,100.0,212,212,708,00000007.jpg,1.484,1.354,13,05/10/2022,17:55 h,96.3636,LURÍN,LURÍN,AVANZA PAIS - PARTIDO DE INTEGRACION SOCIAL,FRANCISCO AMADOR JULCA MIDEYROS,1961-03-04T00:00:00,M
98,5,JUNTOS POR EL PERU,,100.0,212,212,"2,367",00000005.jpg,4.96,4.527,13,05/10/2022,17:55 h,96.3636,LURÍN,LURÍN,JUNTOS POR EL PERU,ERCILIO AUGUSTO ALVIZURI BERROCAL,1957-09-01T00:00:00,M
99,11,PARTIDO FRENTE DE LA ESPERANZA 2021,,100.0,212,212,"4,073",00000011.jpg,8.535,7.789,13,05/10/2022,17:55 h,96.3636,LURÍN,LURÍN,PARTIDO FRENTE DE LA ESPERANZA 2021,CESAR RICARDO NOA CASAS,1966-04-04T00:00:00,M
100,4,ALIANZA PARA EL PROGRESO,,100.0,212,212,"8,258",00000004.jpg,17.304,15.793,13,05/10/2022,17:55 h,96.3636,LURÍN,LURÍN,ALIANZA PARA EL PROGRESO,JUAN RAUL MARTICORENA PEREZ,1987-08-14T00:00:00,M
101,9,PODEMOS PERU,,100.0,212,212,"9,685",00000009.jpg,20.295,18.522,13,05/10/2022,17:55 h,96.3636,LURÍN,LURÍN,PODEMOS PERU,SERGIO JEANPIERRE HURTADO BALTAZAR,1998-08-15T00:00:00,M
102,3,RENOVACION POPULAR,,100.0,212,212,"10,995",00000003.jpg,23.04,21.027,13,05/10/2022,17:55 h,96.3636,LURÍN,LURÍN,RENOVACION POPULAR,ROSA ELVA TORREJON ARAGON,1972-02-18T00:00:00,F
103,2,PARTIDO DEMOCRATICO SOMOS PERU,,100.0,212,212,"11,169",00000002.jpg,23.404,21.36,13,05/10/2022,17:55 h,96.3636,LURÍN,LURÍN,PARTIDO DEMOCRATICO SOMOS PERU,LEONCIO ALCARRAZ ALTAMIRANO,1968-07-23T00:00:00,M
104,8,PARTIDO POLITICO NACIONAL PERU LIBRE,,100.0,235,235,208,00000008.jpg,0.423,0.392,14,05/10/2022,17:55 h,98.3264,MAGDALENA DEL MAR,MAGDALENA DEL MAR,PARTIDO POLITICO NACIONAL PERU LIBRE,ERNESTO MENDOZA GUTIERREZ,1956-11-07T00:00:00,M
105,7,AVANZA PAIS - PARTIDO DE INTEGRACION SOCIAL,,100.0,235,235,806,00000007.jpg,1.638,1.52,14,05/10/2022,17:55 h,98.3264,MAGDALENA DEL MAR,,,,,
106,5,JUNTOS POR EL PERU,,100.0,235,235,"1,353",00000005.jpg,2.75,2.552,14,05/10/2022,17:55 h,98.3264,MAGDALENA DEL MAR,,,,,
107,4,ALIANZA PARA EL PROGRESO,,100.0,235,235,"3,992",00000004.jpg,8.113,7.53,14,05/10/2022,17:55 h,98.3264,MAGDALENA DEL MAR,MAGDALENA DEL MAR,ALIANZA PARA EL PROGRESO,FRANCIS JAMES ALLISON OYAGUE,1970-03-01T00:00:00,M
108,11,PARTIDO FRENTE DE LA ESPERANZA 2021,,100.0,235,235,"5,165",00000011.jpg,10.497,9.743,14,05/10/2022,17:55 h,98.3264,MAGDALENA DEL MAR,MAGDALENA DEL MAR,PARTIDO FRENTE DE LA ESPERANZA 2021,MIGUEL ANGEL MENDIETA ALVA,1965-07-04T00:00:00,M
109,9,PODEMOS PERU,,100.0,235,235,"6,680",00000009.jpg,13.576,12.6,14,05/10/2022,17:55 h,98.3264,MAGDALENA DEL MAR,MAGDALENA DEL MAR,PODEMOS PERU,RAUL MADUEÑO ORTIZ,1950-08-09T00:00:00,M
110,2,PARTIDO DEMOCRATICO SOMOS PERU,,100.0,235,235,"9,758",00000002.jpg,19.831,18.406,14,05/10/2022,17:55 h,98.3264,MAGDALENA DEL MAR,MAGDALENA DEL MAR,PARTIDO DEMOCRATICO SOMOS PERU,ALBERTO ALEJANDRO LAMAS MATOS,1973-08-23T00:00:00,M
111,3,RENOVACION POPULAR,,100.0,235,235,"21,244",00000003.jpg,43.174,40.072,14,05/10/2022,17:55 h,98.3264,MAGDALENA DEL MAR,MAGDALENA DEL MAR,RENOVACION POPULAR,VICTOR RAUL PAULINI SANCHEZ,1959-07-21T00:00:00,M
112,8,PARTIDO POLITICO NACIONAL PERU LIBRE,,100.0,423,423,319,00000008.jpg,0.401,0.373,15,05/10/2022,17:55 h,93.7916,MIRAFLORES,,,,,
113,7,AVANZA PAIS - PARTIDO DE INTEGRACION SOCIAL,,100.0,423,423,"1,647",00000007.jpg,2.071,1.925,15,05/10/2022,17:55 h,93.7916,MIRAFLORES,MIRAFLORES,AVANZA PAIS - PARTIDO DE INTEGRACION SOCIAL,ALESSANDRA CAMILA KRAUSE ALVA,1986-08-24T00:00:00,F
114,5,JUNTOS POR EL PERU,,100.0,423,423,"1,716",00000005.jpg,2.157,2.005,15,05/10/2022,17:55 h,93.7916,MIRAFLORES,,,,,
115,4,ALIANZA PARA EL PROGRESO,,100.0,423,423,"2,193",00000004.jpg,2.757,2.563,15,05/10/2022,17:55 h,93.7916,MIRAFLORES,MIRAFLORES,ALIANZA PARA EL PROGRESO,MANUEL ALEJANDRO MASIAS OYANGUREN,1962-08-24T00:00:00,M
116,11,PARTIDO FRENTE DE LA ESPERANZA 2021,,100.0,423,423,"6,679",00000011.jpg,8.397,7.804,15,05/10/2022,17:55 h,93.7916,MIRAFLORES,MIRAFLORES,PARTIDO FRENTE DE LA ESPERANZA 2021,ROCIO PATRICIA ANDRADE BOTTERI,1966-03-31T00:00:00,F
117,9,PODEMOS PERU,,100.0,423,423,"7,631",00000009.jpg,9.593,8.917,15,05/10/2022,17:55 h,93.7916,MIRAFLORES,MIRAFLORES,PODEMOS PERU,MARIA ROCIO CANO GUERINONI,1966-06-06T00:00:00,F
118,2,PARTIDO DEMOCRATICO SOMOS PERU,,100.0,423,423,"14,961",00000002.jpg,18.808,17.482,15,05/10/2022,17:55 h,93.7916,MIRAFLORES,MIRAFLORES,PARTIDO DEMOCRATICO SOMOS PERU,ERNESTO JAVIER MENDOZA DE LA PUENTE,1985-02-06T00:00:00,M
119,3,RENOVACION POPULAR,,100.0,423,423,"44,399",00000003.jpg,55.816,51.88,15,05/10/2022,17:55 h,93.7916,MIRAFLORES,MIRAFLORES,RENOVACION POPULAR,CARLOS FERNANDO CANALES ANCHORENA,1961-11-18T00:00:00,M
120,8,PARTIDO POLITICO NACIONAL PERU LIBRE,,100.0,264,264,808,00000008.jpg,1.407,1.254,16,05/10/2022,17:55 h,98.1413,PACHACAMAC,PACHACAMAC,PARTIDO POLITICO NACIONAL PERU LIBRE,ANTONIO PAUCAR RENOJO,1975-10-23T00:00:00,M
121,7,AVANZA PAIS - PARTIDO DE INTEGRACION SOCIAL,,100.0,264,264,"1,138",00000007.jpg,1.981,1.767,16,05/10/2022,17:55 h,98.1413,PACHACAMAC,,,,,
122,5,JUNTOS POR EL PERU,,100.0,264,264,"4,224",00000005.jpg,7.354,6.558,16,05/10/2022,17:55 h,98.1413,PACHACAMAC,PACHACAMAC,JUNTOS POR EL PERU,JORGE ENRIQUE CURO MASIAS,1964-01-11T00:00:00,M
123,11,PARTIDO FRENTE DE LA ESPERANZA 2021,,100.0,264,264,"4,290",00000011.jpg,7.468,6.66,16,05/10/2022,17:55 h,98.1413,PACHACAMAC,,,,,
124,3,RENOVACION POPULAR,,100.0,264,264,"7,082",00000003.jpg,12.329,10.995,16,05/10/2022,17:55 h,98.1413,PACHACAMAC,PACHACAMAC,RENOVACION POPULAR,ELISA LIMACHI PUCA,1975-07-04T00:00:00,F
125,4,ALIANZA PARA EL PROGRESO,,100.0,264,264,"9,851",00000004.jpg,17.149,15.294,16,05/10/2022,17:55 h,98.1413,PACHACAMAC,PACHACAMAC,ALIANZA PARA EL PROGRESO,ENRIQUE VALENTIN CABRERA SULCA,1979-05-21T00:00:00,M
126,9,PODEMOS PERU,,100.0,264,264,"14,214",00000009.jpg,24.745,22.068,16,05/10/2022,17:55 h,98.1413,PACHACAMAC,PACHACAMAC,PODEMOS PERU,HUGO LEON RAMOS LESCANO,1965-07-03T00:00:00,M
127,2,PARTIDO DEMOCRATICO SOMOS PERU,,100.0,264,264,"15,835",00000002.jpg,27.567,24.585,16,05/10/2022,17:55 h,98.1413,PACHACAMAC,PACHACAMAC,PARTIDO DEMOCRATICO SOMOS PERU,LIZ GIANNY MENDOZA CASTILLO DE PÓMEZ,1981-12-19T00:00:00,F
128,8,PARTIDO POLITICO NACIONAL PERU LIBRE,,100.0,320,320,364,00000008.jpg,0.548,0.509,17,05/10/2022,17:55 h,96.9697,PUEBLO LIBRE,PUEBLO LIBRE,PARTIDO POLITICO NACIONAL PERU LIBRE,MARIA TERESA CABRERA CABRERA,1972-06-29T00:00:00,F
129,7,AVANZA PAIS - PARTIDO DE INTEGRACION SOCIAL,,100.0,320,320,"1,603",00000007.jpg,2.414,2.242,17,05/10/2022,17:55 h,96.9697,PUEBLO LIBRE,PUEBLO LIBRE,AVANZA PAIS - PARTIDO DE INTEGRACION SOCIAL,MIGUEL YAGI HIGA,1966-01-18T00:00:00,M
130,5,JUNTOS POR EL PERU,,100.0,320,320,"2,482",00000005.jpg,3.737,3.471,17,05/10/2022,17:55 h,96.9697,PUEBLO LIBRE,PUEBLO LIBRE,JUNTOS POR EL PERU,ROCIO DEL CARMEN PEREYRA ZAPLANA,1988-08-13T00:00:00,F
131,4,ALIANZA PARA EL PROGRESO,,100.0,320,320,"2,808",00000004.jpg,4.228,3.927,17,05/10/2022,17:55 h,96.9697,PUEBLO LIBRE,PUEBLO LIBRE,ALIANZA PARA EL PROGRESO,JHONEL JORGE LEGUIA JAMIS,1974-01-28T00:00:00,M
132,11,PARTIDO FRENTE DE LA ESPERANZA 2021,,100.0,320,320,"7,774",00000011.jpg,11.706,10.872,17,05/10/2022,17:55 h,96.9697,PUEBLO LIBRE,PUEBLO LIBRE,PARTIDO FRENTE DE LA ESPERANZA 2021,RODRIGO LEONARDO RIVERA LOZANO,1995-11-20T00:00:00,M
133,9,PODEMOS PERU,,100.0,320,320,"9,902",00000009.jpg,14.91,13.847,17,05/10/2022,17:55 h,96.9697,PUEBLO LIBRE,PUEBLO LIBRE,PODEMOS PERU,MANUEL AUGUSTO LANDERER LOLI,1973-03-14T00:00:00,M
134,2,PARTIDO DEMOCRATICO SOMOS PERU,,100.0,320,320,"13,243",00000002.jpg,19.941,18.52,17,05/10/2022,17:55 h,96.9697,PUEBLO LIBRE,PUEBLO LIBRE,PARTIDO DEMOCRATICO SOMOS PERU,JOHANNA MELLISSA STEIN BERTRÁN,1986-05-27T00:00:00,F
135,3,RENOVACION POPULAR,,100.0,320,320,"28,234",00000003.jpg,42.515,39.484,17,05/10/2022,17:55 h,96.9697,PUEBLO LIBRE,PUEBLO LIBRE,RENOVACION POPULAR,MONICA ROSSANA TELLO LOPEZ,1966-03-16T00:00:00,F
136,8,PARTIDO POLITICO NACIONAL PERU LIBRE,,100.0,36,36,202,00000008.jpg,2.411,2.248,18,05/10/2022,17:55 h,94.7368,PUCUSANA,PUCUSANA,PARTIDO POLITICO NACIONAL PERU LIBRE,LUISA NOEMI ZEVALLOS CORNEJO,1977-09-16T00:00:00,F
137,4,ALIANZA PARA EL PROGRESO,,100.0,36,36,720,00000004.jpg,8.593,8.012,18,05/10/2022,17:55 h,94.7368,PUCUSANA,PUCUSANA,ALIANZA PARA EL PROGRESO,ALFREDO ROSAS CHAUCA NAVARRO,1961-08-30T00:00:00,M
138,7,AVANZA PAIS - PARTIDO DE INTEGRACION SOCIAL,,100.0,36,36,724,00000007.jpg,8.641,8.056,18,05/10/2022,17:55 h,94.7368,PUCUSANA,PUCUSANA,AVANZA PAIS - PARTIDO DE INTEGRACION SOCIAL,JHONNY EDGARDO CALAGUA HUAMBACHANO,1977-05-26T00:00:00,M
139,5,JUNTOS POR EL PERU,,100.0,36,36,741,00000005.jpg,8.844,8.245,18,05/10/2022,17:55 h,94.7368,PUCUSANA,PUCUSANA,JUNTOS POR EL PERU,LUIS MARTIN KOC LEM MOYA,1985-11-24T00:00:00,M
140,3,RENOVACION POPULAR,,100.0,36,36,756,00000003.jpg,9.023,8.412,18,05/10/2022,17:55 h,94.7368,PUCUSANA,PUCUSANA,RENOVACION POPULAR,RITA ISABEL PAREDES GARCIA,1977-05-12T00:00:00,F
141,11,PARTIDO FRENTE DE LA ESPERANZA 2021,,100.0,36,36,"1,410",00000011.jpg,16.828,15.689,18,05/10/2022,17:55 h,94.7368,PUCUSANA,PUCUSANA,PARTIDO FRENTE DE LA ESPERANZA 2021,ENRIQUE JULIO MANCO SUNI,1976-03-19T00:00:00,M
142,2,PARTIDO DEMOCRATICO SOMOS PERU,,100.0,36,36,"1,905",00000002.jpg,22.735,21.197,18,05/10/2022,17:55 h,94.7368,PUCUSANA,PUCUSANA,PARTIDO DEMOCRATICO SOMOS PERU,JUAN JOSE CUYA ESPINOZA,1975-11-18T00:00:00,M
143,9,PODEMOS PERU,,100.0,36,36,"1,921",00000009.jpg,22.926,21.375,18,05/10/2022,17:55 h,94.7368,PUCUSANA,PUCUSANA,PODEMOS PERU,PEDRO PABLO FLORIAN HUARI,1963-04-19T00:00:00,M
144,8,PARTIDO POLITICO NACIONAL PERU LIBRE,,100.0,800,800,"2,609",00000008.jpg,1.52,1.356,19,05/10/2022,17:55 h,96.9697,PUENTE PIEDRA,PUENTE PIEDRA,PARTIDO POLITICO NACIONAL PERU LIBRE,JOSE SANTILLAN CAMUS,1977-12-15T00:00:00,M
145,7,AVANZA PAIS - PARTIDO DE INTEGRACION SOCIAL,,100.0,800,800,"8,559",00000007.jpg,4.988,4.448,19,05/10/2022,17:55 h,96.9697,PUENTE PIEDRA,PUENTE PIEDRA,AVANZA PAIS - PARTIDO DE INTEGRACION SOCIAL,JORGE WIDER AYALA GONZALES,1985-06-03T00:00:00,M
146,4,ALIANZA PARA EL PROGRESO,,100.0,800,800,"13,336",00000004.jpg,7.772,6.93,19,05/10/2022,17:55 h,96.9697,PUENTE PIEDRA,PUENTE PIEDRA,ALIANZA PARA EL PROGRESO,ESTEBAN ALONSO MONZON CAVERO,1996-12-19T00:00:00,M
147,5,JUNTOS POR EL PERU,,100.0,800,800,"13,605",00000005.jpg,7.929,7.07,19,05/10/2022,17:55 h,96.9697,PUENTE PIEDRA,PUENTE PIEDRA,JUNTOS POR EL PERU,PAULO ANIBAL CASAS PINEDO,1977-02-04T00:00:00,M
148,11,PARTIDO FRENTE DE LA ESPERANZA 2021,,100.0,800,800,"17,143",00000011.jpg,9.99,8.909,19,05/10/2022,17:55 h,96.9697,PUENTE PIEDRA,PUENTE PIEDRA,PARTIDO FRENTE DE LA ESPERANZA 2021,MIGUEL ANGEL RODRIGUEZ SILUPU,1982-01-07T00:00:00,M
149,3,RENOVACION POPULAR,,100.0,800,800,"35,204",00000003.jpg,20.516,18.294,19,05/10/2022,17:55 h,96.9697,PUENTE PIEDRA,PUENTE PIEDRA,RENOVACION POPULAR,MILTON FERNANDO JIMENEZ SALAZAR,1956-11-14T00:00:00,M
150,9,PODEMOS PERU,,100.0,800,800,"40,517",00000009.jpg,23.612,21.055,19,05/10/2022,17:55 h,96.9697,PUENTE PIEDRA,PUENTE PIEDRA,PODEMOS PERU,ALFREDO JESUS PEREZ CUEVA,1971-03-15T00:00:00,M
151,2,PARTIDO DEMOCRATICO SOMOS PERU,,100.0,800,800,"40,622",00000002.jpg,23.673,21.11,19,05/10/2022,17:55 h,96.9697,PUENTE PIEDRA,PUENTE PIEDRA,PARTIDO DEMOCRATICO SOMOS PERU,RENNAN SAMUEL ESPINOZA ROSALES,1975-09-27T00:00:00,M
152,8,PARTIDO POLITICO NACIONAL PERU LIBRE,,100.0,22,22,33,00000008.jpg,0.702,0.655,20,05/10/2022,17:55 h,95.6522,PUNTA HERMOSA,,,,,
153,5,JUNTOS POR EL PERU,,100.0,22,22,144,00000005.jpg,3.065,2.856,20,05/10/2022,17:55 h,95.6522,PUNTA HERMOSA,,,,,
154,11,PARTIDO FRENTE DE LA ESPERANZA 2021,,100.0,22,22,275,00000011.jpg,5.854,5.454,20,05/10/2022,17:55 h,95.6522,PUNTA HERMOSA,,,,,
155,4,ALIANZA PARA EL PROGRESO,,100.0,22,22,394,00000004.jpg,8.387,7.814,20,05/10/2022,17:55 h,95.6522,PUNTA HERMOSA,PUNTA HERMOSA,ALIANZA PARA EL PROGRESO,FEDERICO GUILLERMO ABRAHAM KAJATT KAJATT,1987-08-06T00:00:00,M
156,7,AVANZA PAIS - PARTIDO DE INTEGRACION SOCIAL,,100.0,22,22,489,00000007.jpg,10.409,9.699,20,05/10/2022,17:55 h,95.6522,PUNTA HERMOSA,PUNTA HERMOSA,AVANZA PAIS - PARTIDO DE INTEGRACION SOCIAL,CARLOS GUILLERMO FERNANDEZ OTERO,1953-10-08T00:00:00,M
157,9,PODEMOS PERU,,100.0,22,22,908,00000009.jpg,19.327,18.009,20,05/10/2022,17:55 h,95.6522,PUNTA HERMOSA,PUNTA HERMOSA,PODEMOS PERU,RICHARD MANUEL PEREIRA NUÑEZ,1976-04-08T00:00:00,M
158,2,PARTIDO DEMOCRATICO SOMOS PERU,,100.0,22,22,"1,030",00000002.jpg,21.924,20.428,20,05/10/2022,17:55 h,95.6522,PUNTA HERMOSA,PUNTA HERMOSA,PARTIDO DEMOCRATICO SOMOS PERU,MAX ANDRE AMPUERO LEANDRO,1990-11-17T00:00:00,M
159,3,RENOVACION POPULAR,,100.0,22,22,"1,425",00000003.jpg,30.332,28.263,20,05/10/2022,17:55 h,95.6522,PUNTA HERMOSA,PUNTA HERMOSA,RENOVACION POPULAR,ROCIO PAZOS ARNILLAS,1978-11-24T00:00:00,F
160,8,PARTIDO POLITICO NACIONAL PERU LIBRE,,100.0,20,20,44,00000008.jpg,1.029,0.934,21,05/10/2022,17:55 h,95.2381,PUNTA NEGRA,,,,,
161,5,JUNTOS POR EL PERU,,100.0,20,20,172,00000005.jpg,4.022,3.653,21,05/10/2022,17:55 h,95.2381,PUNTA NEGRA,PUNTA NEGRA,JUNTOS POR EL PERU,AMANCIO EUDOCIO SOLORZANO SOTO,1968-04-08T00:00:00,M
162,7,AVANZA PAIS - PARTIDO DE INTEGRACION SOCIAL,,100.0,20,20,205,00000007.jpg,4.794,4.353,21,05/10/2022,17:55 h,95.2381,PUNTA NEGRA,PUNTA NEGRA,AVANZA PAIS - PARTIDO DE INTEGRACION SOCIAL,MARIELLA CECILIA CASALINO RODRIGUEZ-BROWN,1979-02-25T00:00:00,F
163,4,ALIANZA PARA EL PROGRESO,,100.0,20,20,471,00000004.jpg,11.015,10.002,21,05/10/2022,17:55 h,95.2381,PUNTA NEGRA,PUNTA NEGRA,ALIANZA PARA EL PROGRESO,EULOGIO HUYHUA CCACCYA,1981-03-13T00:00:00,M
164,11,PARTIDO FRENTE DE LA ESPERANZA 2021,,100.0,20,20,556,00000011.jpg,13.003,11.807,21,05/10/2022,17:55 h,95.2381,PUNTA NEGRA,PUNTA NEGRA,PARTIDO FRENTE DE LA ESPERANZA 2021,MIGUEL ANGEL SAMAN BALLARTA,1984-02-05T00:00:00,M
165,2,PARTIDO DEMOCRATICO SOMOS PERU,,100.0,20,20,852,00000002.jpg,19.925,18.093,21,05/10/2022,17:55 h,95.2381,PUNTA NEGRA,PUNTA NEGRA,PARTIDO DEMOCRATICO SOMOS PERU,MARCELINO ISIDRO PERALTA RAMOS,1955-01-02T00:00:00,M
166,9,PODEMOS PERU,,100.0,20,20,883,00000009.jpg,20.65,18.751,21,05/10/2022,17:55 h,95.2381,PUNTA NEGRA,PUNTA NEGRA,PODEMOS PERU,JULIA IBET TATAJE TABOADA,1976-08-30T00:00:00,F
167,3,RENOVACION POPULAR,,100.0,20,20,"1,093",00000003.jpg,25.561,23.211,21,05/10/2022,17:55 h,95.2381,PUNTA NEGRA,PUNTA NEGRA,RENOVACION POPULAR,JOSUE JEFFERSON DE LA TORRE BRAMON,1989-04-26T00:00:00,M
168,8,PARTIDO POLITICO NACIONAL PERU LIBRE,,100.0,550,550,"1,670",00000008.jpg,1.441,1.297,22,05/10/2022,17:55 h,97.1731,RÍMAC,RÍMAC,PARTIDO POLITICO NACIONAL PERU LIBRE,PERCY OSWALDO TAIPE CORONADO,1970-12-01T00:00:00,M
169,7,AVANZA PAIS - PARTIDO DE INTEGRACION SOCIAL,,100.0,550,550,"2,744",00000007.jpg,2.367,2.131,22,05/10/2022,17:55 h,97.1731,RÍMAC,RÍMAC,AVANZA PAIS - PARTIDO DE INTEGRACION SOCIAL,JOSE MANUEL CIEZA BARAZORDA,1971-05-11T00:00:00,M
170,4,ALIANZA PARA EL PROGRESO,,100.0,550,550,"4,833",00000004.jpg,4.169,3.753,22,05/10/2022,17:55 h,97.1731,RÍMAC,RÍMAC,ALIANZA PARA EL PROGRESO,WALTER BECERRA GARCIA,1973-01-12T00:00:00,M
171,5,JUNTOS POR EL PERU,,100.0,550,550,"6,384",00000005.jpg,5.507,4.957,22,05/10/2022,17:55 h,97.1731,RÍMAC,RÍMAC,JUNTOS POR EL PERU,DAVID ABEL GALARZA CHANCO,1969-01-17T00:00:00,M
172,11,PARTIDO FRENTE DE LA ESPERANZA 2021,,100.0,550,550,"16,701",00000011.jpg,14.408,12.968,22,05/10/2022,17:55 h,97.1731,RÍMAC,RÍMAC,PARTIDO FRENTE DE LA ESPERANZA 2021,ROBERTO ABELARDO TELLES JARAMILLO,1982-04-28T00:00:00,M
173,2,PARTIDO DEMOCRATICO SOMOS PERU,,100.0,550,550,"19,078",00000002.jpg,16.459,14.813,22,05/10/2022,17:55 h,97.1731,RÍMAC,RÍMAC,PARTIDO DEMOCRATICO SOMOS PERU,JOSE ALBERTO ANGULO DOMINGUEZ,1970-03-19T00:00:00,M
174,3,RENOVACION POPULAR,,100.0,550,550,"30,688",00000003.jpg,26.475,23.828,22,05/10/2022,17:55 h,97.1731,RÍMAC,RÍMAC,RENOVACION POPULAR,ISABEL DEL ROCIO AYALA MELGAREJO,1988-02-11T00:00:00,F
175,9,PODEMOS PERU,,100.0,550,550,"33,817",00000009.jpg,29.174,26.257,22,05/10/2022,17:55 h,97.1731,RÍMAC,RÍMAC,PODEMOS PERU,NESTOR EVADIO DE LA ROSA VILLEGAS,1967-04-19T00:00:00,M
176,8,PARTIDO POLITICO NACIONAL PERU LIBRE,,100.0,21,21,32,00000008.jpg,0.694,0.643,23,05/10/2022,17:55 h,95.4545,SAN BARTOLO,,,,,
177,5,JUNTOS POR EL PERU,,100.0,21,21,174,00000005.jpg,3.772,3.498,23,05/10/2022,17:55 h,95.4545,SAN BARTOLO,,,,,
178,4,ALIANZA PARA EL PROGRESO,,100.0,21,21,178,00000004.jpg,3.859,3.579,23,05/10/2022,17:55 h,95.4545,SAN BARTOLO,SAN BARTOLO,ALIANZA PARA EL PROGRESO,YLIANA ELISA CASTRO GREGORIO,1966-03-24T00:00:00,F
179,11,PARTIDO FRENTE DE LA ESPERANZA 2021,,100.0,21,21,295,00000011.jpg,6.395,5.931,23,05/10/2022,17:55 h,95.4545,SAN BARTOLO,,,,,
180,3,RENOVACION POPULAR,,100.0,21,21,850,00000003.jpg,18.426,17.089,23,05/10/2022,17:55 h,95.4545,SAN BARTOLO,,,,,
181,7,AVANZA PAIS - PARTIDO DE INTEGRACION SOCIAL,,100.0,21,21,965,00000007.jpg,20.919,19.401,23,05/10/2022,17:55 h,95.4545,SAN BARTOLO,SAN BARTOLO,AVANZA PAIS - PARTIDO DE INTEGRACION SOCIAL,AUGUST ENRIQUE FREDERICK ARTHUR CARBAJAL SCHUMACHER,1978-10-26T00:00:00,M
182,2,PARTIDO DEMOCRATICO SOMOS PERU,,100.0,21,21,"1,011",00000002.jpg,21.916,20.326,23,05/10/2022,17:55 h,95.4545,SAN BARTOLO,SAN BARTOLO,PARTIDO DEMOCRATICO SOMOS PERU,ALEJANDRO RICARDO NATIVIDAD CARBAJAL,1959-02-25T00:00:00,M
183,9,PODEMOS PERU,,100.0,21,21,"1,108",00000009.jpg,24.019,22.276,23,05/10/2022,17:55 h,95.4545,SAN BARTOLO,SAN BARTOLO,PODEMOS PERU,ELLIOTT ZYNDY HUARI BERMUDEZ,1975-04-08T00:00:00,M
184,8,PARTIDO POLITICO NACIONAL PERU LIBRE,,100.0,247,247,122,00000008.jpg,0.266,0.25,24,05/10/2022,17:55 h,95.0000,SAN ISIDRO,,,,,
185,5,JUNTOS POR EL PERU,,100.0,247,247,846,00000005.jpg,1.845,1.731,24,05/10/2022,17:55 h,95.0000,SAN ISIDRO,,,,,
186,4,ALIANZA PARA EL PROGRESO,,100.0,247,247,854,00000004.jpg,1.863,1.747,24,05/10/2022,17:55 h,95.0000,SAN ISIDRO,SAN ISIDRO,ALIANZA PARA EL PROGRESO,FRANCISCO ENRIQUE HUGO PETROZZI FRANCO,1961-12-13T00:00:00,M
187,7,AVANZA PAIS - PARTIDO DE INTEGRACION SOCIAL,,100.0,247,247,"1,080",00000007.jpg,2.356,2.209,24,05/10/2022,17:55 h,95.0000,SAN ISIDRO,SAN ISIDRO,AVANZA PAIS - PARTIDO DE INTEGRACION SOCIAL,JAVIER JOSE MARIA CIPRIANI THORNE,1955-10-12T00:00:00,M
188,11,PARTIDO FRENTE DE LA ESPERANZA 2021,,100.0,247,247,"3,389",00000011.jpg,7.392,6.933,24,05/10/2022,17:55 h,95.0000,SAN ISIDRO,SAN ISIDRO,PARTIDO FRENTE DE LA ESPERANZA 2021,JAVIER MIGUEL MASIAS ASTENGO,1954-01-23T00:00:00,M
189,9,PODEMOS PERU,,100.0,247,247,"3,699",00000009.jpg,8.068,7.567,24,05/10/2022,17:55 h,95.0000,SAN ISIDRO,SAN ISIDRO,PODEMOS PERU,CHARLES ADRIAN ZAPATA VEGA,1971-04-04T00:00:00,M
190,2,PARTIDO DEMOCRATICO SOMOS PERU,,100.0,247,247,"7,615",00000002.jpg,16.609,15.578,24,05/10/2022,17:55 h,95.0000,SAN ISIDRO,SAN ISIDRO,PARTIDO DEMOCRATICO SOMOS PERU,VICTOR HUGO BAZAN PASTOR,1980-05-29T00:00:00,M
191,3,RENOVACION POPULAR,,100.0,247,247,"28,243",00000003.jpg,61.601,57.778,24,05/10/2022,17:55 h,95.0000,SAN ISIDRO,SAN ISIDRO,RENOVACION POPULAR,NANCY ROSALIE VIZURRAGA TORREJON,1956-12-07T00:00:00,F
192,8,PARTIDO POLITICO NACIONAL PERU LIBRE,,100.0,147,147,217,00000008.jpg,0.704,0.648,25,05/10/2022,17:55 h,98.0000,BARRANCO,BARRANCO,PARTIDO POLITICO NACIONAL PERU LIBRE,DELIA ELIZABETH CUYA BARREDA,1972-06-26T00:00:00,F
193,7,AVANZA PAIS - PARTIDO DE INTEGRACION SOCIAL,,100.0,147,147,834,00000007.jpg,2.704,2.491,25,05/10/2022,17:55 h,98.0000,BARRANCO,BARRANCO,AVANZA PAIS - PARTIDO DE INTEGRACION SOCIAL,CARLOS ALBERTO VILLANUEVA GUTIERREZ,1970-03-29T00:00:00,M
194,5,JUNTOS POR EL PERU,,100.0,147,147,"1,599",00000005.jpg,5.185,4.777,25,05/10/2022,17:55 h,98.0000,BARRANCO,BARRANCO,JUNTOS POR EL PERU,CARLOS ALBERTO GONZALEZ PALACIOS,1983-06-10T00:00:00,M
195,4,ALIANZA PARA EL PROGRESO,,100.0,147,147,"2,157",00000004.jpg,6.994,6.443,25,05/10/2022,17:55 h,98.0000,BARRANCO,BARRANCO,ALIANZA PARA EL PROGRESO,FELIPE ANTONIO MEZARINA TONG,1966-02-08T00:00:00,M
196,11,PARTIDO FRENTE DE LA ESPERANZA 2021,,100.0,147,147,"2,721",00000011.jpg,8.823,8.128,25,05/10/2022,17:55 h,98.0000,BARRANCO,BARRANCO,PARTIDO FRENTE DE LA ESPERANZA 2021,JOSE LUIS CHAVEZ ALPACA,1967-07-28T00:00:00,M
197,9,PODEMOS PERU,,100.0,147,147,"5,655",00000009.jpg,18.337,16.893,25,05/10/2022,17:55 h,98.0000,BARRANCO,BARRANCO,PODEMOS PERU,DAVID CARLOS FERNANDEZ DAVILA ALVAREZ,1973-01-23T00:00:00,M
198,2,PARTIDO DEMOCRATICO SOMOS PERU,,100.0,147,147,"6,277",00000002.jpg,20.354,18.751,25,05/10/2022,17:55 h,98.0000,BARRANCO,BARRANCO,PARTIDO DEMOCRATICO SOMOS PERU,GONZALO EDUARDO RIVERA TALAVERA,1980-12-27T00:00:00,M
199,3,RENOVACION POPULAR,,100.0,147,147,"11,379",00000003.jpg,36.898,33.992,25,05/10/2022,17:55 h,98.0000,BARRANCO,BARRANCO,RENOVACION POPULAR,JESSICA ARMIDA VARGAS GOMEZ,1968-08-06T00:00:00,F
200,8,PARTIDO POLITICO NACIONAL PERU LIBRE,,100.0,"1,728","1,728","5,645",00000008.jpg,1.564,1.389,26,05/10/2022,17:55 h,97.9037,SAN MARTIN DE PORRES,SAN MARTIN DE PORRES,PARTIDO POLITICO NACIONAL PERU LIBRE,JORGE LUIS ALIAGA CERVANTES,1988-06-17T00:00:00,M
201,7,AVANZA PAIS - PARTIDO DE INTEGRACION SOCIAL,,100.0,"1,728","1,728","8,102",00000007.jpg,2.245,1.994,26,05/10/2022,17:55 h,97.9037,SAN MARTIN DE PORRES,SAN MARTIN DE PORRES,AVANZA PAIS - PARTIDO DE INTEGRACION SOCIAL,MANUEL ALI EVANS VALLE MONTALVA,1981-08-30T00:00:00,M
202,4,ALIANZA PARA EL PROGRESO,,100.0,"1,728","1,728","16,374",00000004.jpg,4.537,4.029,26,05/10/2022,17:55 h,97.9037,SAN MARTIN DE PORRES,SAN MARTIN DE PORRES,ALIANZA PARA EL PROGRESO,PETER OMAR JAIME CORI,1982-12-28T00:00:00,M
203,5,JUNTOS POR EL PERU,,100.0,"1,728","1,728","20,019",00000005.jpg,5.547,4.926,26,05/10/2022,17:55 h,97.9037,SAN MARTIN DE PORRES,SAN MARTIN DE PORRES,JUNTOS POR EL PERU,CESAR AUGUSTO VARGAS GUTIERREZ,1974-07-08T00:00:00,M
204,11,PARTIDO FRENTE DE LA ESPERANZA 2021,,100.0,"1,728","1,728","43,171",00000011.jpg,11.961,10.624,26,05/10/2022,17:55 h,97.9037,SAN MARTIN DE PORRES,SAN MARTIN DE PORRES,PARTIDO FRENTE DE LA ESPERANZA 2021,OSCAR ARTURO CASTILLO GUEVARA,1962-12-19T00:00:00,M
205,2,PARTIDO DEMOCRATICO SOMOS PERU,,100.0,"1,728","1,728","66,850",00000002.jpg,18.522,16.451,26,05/10/2022,17:55 h,97.9037,SAN MARTIN DE PORRES,SAN MARTIN DE PORRES,PARTIDO DEMOCRATICO SOMOS PERU,LUIS PAUL CARDENAS SANCHEZ,1975-09-03T00:00:00,M
206,3,RENOVACION POPULAR,,100.0,"1,728","1,728","86,512",00000003.jpg,23.969,21.29,26,05/10/2022,17:55 h,97.9037,SAN MARTIN DE PORRES,SAN MARTIN DE PORRES,RENOVACION POPULAR,ADOLFO ISRAEL MATTOS PIAGGIO,1972-10-11T00:00:00,M
207,9,PODEMOS PERU,,100.0,"1,728","1,728","114,254",00000009.jpg,31.656,28.117,26,05/10/2022,17:55 h,97.9037,SAN MARTIN DE PORRES,SAN MARTIN DE PORRES,PODEMOS PERU,HERNAN TOMAS SIFUENTES BARCA,1981-03-04T00:00:00,M
208,8,PARTIDO POLITICO NACIONAL PERU LIBRE,,100.0,468,468,533,00000008.jpg,0.54,0.499,27,05/10/2022,17:55 h,97.0954,SAN MIGUEL,,,,,
209,4,ALIANZA PARA EL PROGRESO,,100.0,468,468,"2,697",00000004.jpg,2.733,2.527,27,05/10/2022,17:55 h,97.0954,SAN MIGUEL,SAN MIGUEL,ALIANZA PARA EL PROGRESO,HUGO WASHINSTON ZEVALLOS MATOS,1954-05-17T00:00:00,M
210,5,JUNTOS POR EL PERU,,100.0,468,468,"2,934",00000005.jpg,2.973,2.749,27,05/10/2022,17:55 h,97.0954,SAN MIGUEL,SAN MIGUEL,JUNTOS POR EL PERU,FELIX ERNESTO PEREZ TORRES,1975-11-07T00:00:00,M
211,7,AVANZA PAIS - PARTIDO DE INTEGRACION SOCIAL,,100.0,468,468,"6,370",00000007.jpg,6.454,5.968,27,05/10/2022,17:55 h,97.0954,SAN MIGUEL,SAN MIGUEL,AVANZA PAIS - PARTIDO DE INTEGRACION SOCIAL,EDUARDO JAVIER BLESS CABREJAS,1977-09-19T00:00:00,M
212,11,PARTIDO FRENTE DE LA ESPERANZA 2021,,100.0,468,468,"11,829",00000011.jpg,11.985,11.083,27,05/10/2022,17:55 h,97.0954,SAN MIGUEL,SAN MIGUEL,PARTIDO FRENTE DE LA ESPERANZA 2021,PIERO DACK MIRANDA CARRILLO,1988-08-18T00:00:00,M
213,9,PODEMOS PERU,,100.0,468,468,"15,229",00000009.jpg,15.43,14.268,27,05/10/2022,17:55 h,97.0954,SAN MIGUEL,SAN MIGUEL,PODEMOS PERU,SALEH CARLOS SALVADOR HERESI CHICOMA,1966-02-16T00:00:00,M
214,2,PARTIDO DEMOCRATICO SOMOS PERU,,100.0,468,468,"17,963",00000002.jpg,18.201,16.83,27,05/10/2022,17:55 h,97.0954,SAN MIGUEL,SAN MIGUEL,PARTIDO DEMOCRATICO SOMOS PERU,ERIKA GISELLA DIAZ PALOMINO,1974-12-01T00:00:00,F
215,3,RENOVACION POPULAR,,100.0,468,468,"41,140",00000003.jpg,41.684,38.545,27,05/10/2022,17:55 h,97.0954,SAN MIGUEL,SAN MIGUEL,RENOVACION POPULAR,MARCOS ENRIQUE CABRERA PORRAS,1988-02-02T00:00:00,M
216,8,PARTIDO POLITICO NACIONAL PERU LIBRE,,100.0,5,5,9,00000008.jpg,0.931,0.8,28,05/10/2022,17:55 h,100.0000,SANTA MARIA DEL MAR,,,,,
217,4,ALIANZA PARA EL PROGRESO,,100.0,5,5,20,00000004.jpg,2.068,1.778,28,05/10/2022,17:55 h,100.0000,SANTA MARIA DEL MAR,SANTA MARIA DEL MAR,ALIANZA PARA EL PROGRESO,ROXANA MARIA PINTO CASTILLO,1971-07-02T00:00:00,F
218,7,AVANZA PAIS - PARTIDO DE INTEGRACION SOCIAL,,100.0,5,5,49,00000007.jpg,5.067,4.356,28,05/10/2022,17:55 h,100.0000,SANTA MARIA DEL MAR,SANTA MARIA DEL MAR,AVANZA PAIS - PARTIDO DE INTEGRACION SOCIAL,MARIA LEYLA ABUSABAL VELIS,1970-07-20T00:00:00,F
219,5,JUNTOS POR EL PERU,,100.0,5,5,51,00000005.jpg,5.274,4.533,28,05/10/2022,17:55 h,100.0000,SANTA MARIA DEL MAR,,,,,
220,11,PARTIDO FRENTE DE LA ESPERANZA 2021,,100.0,5,5,69,00000011.jpg,7.135,6.133,28,05/10/2022,17:55 h,100.0000,SANTA MARIA DEL MAR,,,,,
221,9,PODEMOS PERU,,100.0,5,5,131,00000009.jpg,13.547,11.644,28,05/10/2022,17:55 h,100.0000,SANTA MARIA DEL MAR,,,,,
222,2,PARTIDO DEMOCRATICO SOMOS PERU,,100.0,5,5,222,00000002.jpg,22.958,19.733,28,05/10/2022,17:55 h,100.0000,SANTA MARIA DEL MAR,SANTA MARIA DEL MAR,PARTIDO DEMOCRATICO SOMOS PERU,FERNANDO ALEXANDER RIOS RIOS,1983-12-31T00:00:00,M
223,3,RENOVACION POPULAR,,100.0,5,5,416,00000003.jpg,43.02,36.978,28,05/10/2022,17:55 h,100.0000,SANTA MARIA DEL MAR,SANTA MARIA DEL MAR,RENOVACION POPULAR,CRISTOFER CLEMENTE CIPRIANI,1970-06-03T00:00:00,M
224,8,PARTIDO POLITICO NACIONAL PERU LIBRE,,100.0,52,52,433,00000008.jpg,4.013,3.572,29,05/10/2022,17:55 h,98.1132,SANTA ROSA,SANTA ROSA,PARTIDO POLITICO NACIONAL PERU LIBRE,DIOGENES DE LA CRUZ OBLITAS,1965-02-12T00:00:00,M
225,5,JUNTOS POR EL PERU,,100.0,52,52,665,00000005.jpg,6.163,5.486,29,05/10/2022,17:55 h,98.1132,SANTA ROSA,SANTA ROSA,JUNTOS POR EL PERU,JOSE ENRIQUE HUAMANI QUISPITERA,1971-09-03T00:00:00,M
226,4,ALIANZA PARA EL PROGRESO,,100.0,52,52,692,00000004.jpg,6.413,5.709,29,05/10/2022,17:55 h,98.1132,SANTA ROSA,SANTA ROSA,ALIANZA PARA EL PROGRESO,SEGUNDO MONTERO FLORES,1953-10-27T00:00:00,M
227,11,PARTIDO FRENTE DE LA ESPERANZA 2021,,100.0,52,52,"1,112",00000011.jpg,10.305,9.174,29,05/10/2022,17:55 h,98.1132,SANTA ROSA,SANTA ROSA,PARTIDO FRENTE DE LA ESPERANZA 2021,SATURNINO ALFREDO SANTIAGO EULOGIO,1977-07-31T00:00:00,M
228,7,AVANZA PAIS - PARTIDO DE INTEGRACION SOCIAL,,100.0,52,52,"1,258",00000007.jpg,11.658,10.379,29,05/10/2022,17:55 h,98.1132,SANTA ROSA,SANTA ROSA,AVANZA PAIS - PARTIDO DE INTEGRACION SOCIAL,OSCAR ALEX DOLORIER MORI,1965-01-21T00:00:00,M
229,3,RENOVACION POPULAR,,100.0,52,52,"1,540",00000003.jpg,14.271,12.705,29,05/10/2022,17:55 h,98.1132,SANTA ROSA,SANTA ROSA,RENOVACION POPULAR,ROSARIO HUAMAN URETA,1966-04-06T00:00:00,F
230,2,PARTIDO DEMOCRATICO SOMOS PERU,,100.0,52,52,"1,936",00000002.jpg,17.941,15.972,29,05/10/2022,17:55 h,98.1132,SANTA ROSA,SANTA ROSA,PARTIDO DEMOCRATICO SOMOS PERU,CESAR AUGUSTO PALERMO ALVARADO,1977-04-26T00:00:00,M
231,9,PODEMOS PERU,,100.0,52,52,"3,155",00000009.jpg,29.237,26.029,29,05/10/2022,17:55 h,98.1132,SANTA ROSA,SANTA ROSA,PODEMOS PERU,GEORGE ROBLES SOTO,1977-06-24T00:00:00,M
232,8,PARTIDO POLITICO NACIONAL PERU LIBRE,,100.0,"1,076","1,076","1,323",00000008.jpg,0.594,0.556,30,05/10/2022,17:55 h,96.5022,SANTIAGO DE SURCO,SANTIAGO DE SURCO,PARTIDO POLITICO NACIONAL PERU LIBRE,EDWIN VICTOR PORTUGAL VILLAVICENCIO,1967-03-23T00:00:00,M
233,5,JUNTOS POR EL PERU,,100.0,"1,076","1,076","6,465",00000005.jpg,2.905,2.719,30,05/10/2022,17:55 h,96.5022,SANTIAGO DE SURCO,,,,,
234,4,ALIANZA PARA EL PROGRESO,,100.0,"1,076","1,076","8,352",00000004.jpg,3.752,3.513,30,05/10/2022,17:55 h,96.5022,SANTIAGO DE SURCO,SANTIAGO DE SURCO,ALIANZA PARA EL PROGRESO,JUAN ALEJANDRO PALMA AURAZO,1985-10-28T00:00:00,M
235,7,AVANZA PAIS - PARTIDO DE INTEGRACION SOCIAL,,100.0,"1,076","1,076","10,207",00000007.jpg,4.586,4.293,30,05/10/2022,17:55 h,96.5022,SANTIAGO DE SURCO,SANTIAGO DE SURCO,AVANZA PAIS - PARTIDO DE INTEGRACION SOCIAL,CARLOS RICARDO BRUCE MONTES DE OCA,1957-02-24T00:00:00,M
236,11,PARTIDO FRENTE DE LA ESPERANZA 2021,,100.0,"1,076","1,076","21,190",00000011.jpg,9.521,8.913,30,05/10/2022,17:55 h,96.5022,SANTIAGO DE SURCO,SANTIAGO DE SURCO,PARTIDO FRENTE DE LA ESPERANZA 2021,JOHNNY JESUS MARZANO MEJIA,1987-12-08T00:00:00,M
237,9,PODEMOS PERU,,100.0,"1,076","1,076","31,957",00000009.jpg,14.358,13.441,30,05/10/2022,17:55 h,96.5022,SANTIAGO DE SURCO,SANTIAGO DE SURCO,PODEMOS PERU,EDUARDO ANDRE HERVE CAPRILE SAINT-PERE,1988-10-04T00:00:00,M
238,2,PARTIDO DEMOCRATICO SOMOS PERU,,100.0,"1,076","1,076","40,956",00000002.jpg,18.401,17.226,30,05/10/2022,17:55 h,96.5022,SANTIAGO DE SURCO,SANTIAGO DE SURCO,PARTIDO DEMOCRATICO SOMOS PERU,GINA YSELA GALVEZ SALDAÑA,1971-09-08T00:00:00,F
239,3,RENOVACION POPULAR,,100.0,"1,076","1,076","102,122",00000003.jpg,45.883,42.954,30,05/10/2022,17:55 h,96.5022,SANTIAGO DE SURCO,SANTIAGO DE SURCO,RENOVACION POPULAR,JUAN MANUEL DEL MAR ESTREMADOYRO,1959-11-05T00:00:00,M
240,8,PARTIDO POLITICO NACIONAL PERU LIBRE,,100.0,310,310,602,00000008.jpg,0.908,0.838,31,05/10/2022,17:55 h,95.0920,SURQUILLO,SURQUILLO,PARTIDO POLITICO NACIONAL PERU LIBRE,DENNIS ALVARADO CARRASCO,1984-10-24T00:00:00,M
241,7,AVANZA PAIS - PARTIDO DE INTEGRACION SOCIAL,,100.0,310,310,"1,068",00000007.jpg,1.611,1.487,31,05/10/2022,17:55 h,95.0920,SURQUILLO,SURQUILLO,AVANZA PAIS - PARTIDO DE INTEGRACION SOCIAL,PERCY JOHN GONZALEZ SANCHEZ,1968-06-25T00:00:00,M
242,5,JUNTOS POR EL PERU,,100.0,310,310,"2,211",00000005.jpg,3.336,3.079,31,05/10/2022,17:55 h,95.0920,SURQUILLO,SURQUILLO,JUNTOS POR EL PERU,JORGE ABRAHAM GOZAR VICENTE,1954-08-14T00:00:00,M
243,4,ALIANZA PARA EL PROGRESO,,100.0,310,310,"4,501",00000004.jpg,6.791,6.268,31,05/10/2022,17:55 h,95.0920,SURQUILLO,SURQUILLO,ALIANZA PARA EL PROGRESO,JOSE LUIS HUAMANI GONZALES,1974-09-23T00:00:00,M
244,11,PARTIDO FRENTE DE LA ESPERANZA 2021,,100.0,310,310,"6,870",00000011.jpg,10.365,9.566,31,05/10/2022,17:55 h,95.0920,SURQUILLO,SURQUILLO,PARTIDO FRENTE DE LA ESPERANZA 2021,BEGONIA BUSTAMANTE SIANCAS,1983-03-26T00:00:00,F
245,9,PODEMOS PERU,,100.0,310,310,"12,235",00000009.jpg,18.46,17.037,31,05/10/2022,17:55 h,95.0920,SURQUILLO,SURQUILLO,PODEMOS PERU,JOSE MIGUEL MORA CHIRINOS,1941-01-16T00:00:00,M
246,2,PARTIDO DEMOCRATICO SOMOS PERU,,100.0,310,310,"14,119",00000002.jpg,21.303,19.661,31,05/10/2022,17:55 h,95.0920,SURQUILLO,SURQUILLO,PARTIDO DEMOCRATICO SOMOS PERU,SANDRA LIZ GUTIERREZ CUBA,1974-04-19T00:00:00,F
247,3,RENOVACION POPULAR,,100.0,310,310,"24,672",00000003.jpg,37.225,34.355,31,05/10/2022,17:55 h,95.0920,SURQUILLO,SURQUILLO,RENOVACION POPULAR,CINTIA MERCEDES LOAYZA ALVAREZ,1982-09-24T00:00:00,F
248,8,PARTIDO POLITICO NACIONAL PERU LIBRE,,100.0,"1,156","1,156","4,331",00000008.jpg,1.755,1.546,32,05/10/2022,17:55 h,98.3830,VILLA MARIA DEL TRIUNFO,VILLA MARIA DEL TRIUNFO,PARTIDO POLITICO NACIONAL PERU LIBRE,GAVINO PATIÑO ALATA,1965-07-01T00:00:00,M
249,7,AVANZA PAIS - PARTIDO DE INTEGRACION SOCIAL,,100.0,"1,156","1,156","6,145",00000007.jpg,2.489,2.193,32,05/10/2022,17:55 h,98.3830,VILLA MARIA DEL TRIUNFO,VILLA MARIA DEL TRIUNFO,AVANZA PAIS - PARTIDO DE INTEGRACION SOCIAL,JUAN JOSE CASTILLO ANGELES,1962-03-05T00:00:00,M
250,5,JUNTOS POR EL PERU,,100.0,"1,156","1,156","17,757",00000005.jpg,7.194,6.338,32,05/10/2022,17:55 h,98.3830,VILLA MARIA DEL TRIUNFO,VILLA MARIA DEL TRIUNFO,JUNTOS POR EL PERU,RENE ALFREDO YUCRA VERASTEGUI,1963-08-01T00:00:00,M
251,4,ALIANZA PARA EL PROGRESO,,100.0,"1,156","1,156","25,474",00000004.jpg,10.32,9.092,32,05/10/2022,17:55 h,98.3830,VILLA MARIA DEL TRIUNFO,VILLA MARIA DEL TRIUNFO,ALIANZA PARA EL PROGRESO,ELOY CHAVEZ HERNANDEZ,1991-01-21T00:00:00,M
252,11,PARTIDO FRENTE DE LA ESPERANZA 2021,,100.0,"1,156","1,156","28,091",00000011.jpg,11.38,10.026,32,05/10/2022,17:55 h,98.3830,VILLA MARIA DEL TRIUNFO,VILLA MARIA DEL TRIUNFO,PARTIDO FRENTE DE LA ESPERANZA 2021,WILLY ALBERTO RUELAS OROPEZA,1970-12-07T00:00:00,M
253,2,PARTIDO DEMOCRATICO SOMOS PERU,,100.0,"1,156","1,156","45,825",00000002.jpg,18.565,16.356,32,05/10/2022,17:55 h,98.3830,VILLA MARIA DEL TRIUNFO,VILLA MARIA DEL TRIUNFO,PARTIDO DEMOCRATICO SOMOS PERU,DAVID ANDRES MORALES CARDENAS,1977-06-23T00:00:00,M
254,3,RENOVACION POPULAR,,100.0,"1,156","1,156","50,900",00000003.jpg,20.621,18.167,32,05/10/2022,17:55 h,98.3830,VILLA MARIA DEL TRIUNFO,VILLA MARIA DEL TRIUNFO,RENOVACION POPULAR,ROBERT JOEL LUDEÑA GUERRA,1983-01-27T00:00:00,M
255,9,PODEMOS PERU,,100.0,"1,156","1,156","68,317",00000009.jpg,27.677,24.383,32,05/10/2022,17:55 h,98.3830,VILLA MARIA DEL TRIUNFO,VILLA MARIA DEL TRIUNFO,PODEMOS PERU,MYRIAM LUDEÑA GOLAC,1980-12-03T00:00:00,F
256,8,PARTIDO POLITICO NACIONAL PERU LIBRE,,100.0,381,381,456,00000008.jpg,0.579,0.538,33,05/10/2022,17:55 h,97.1939,JESUS MARIA,JESUS MARIA,PARTIDO POLITICO NACIONAL PERU LIBRE,JOSE LUIS HERRERA URUETA,1968-10-24T00:00:00,M
257,4,ALIANZA PARA EL PROGRESO,,100.0,381,381,"1,954",00000004.jpg,2.481,2.303,33,05/10/2022,17:55 h,97.1939,JESUS MARIA,JESUS MARIA,ALIANZA PARA EL PROGRESO,VICTOR JOSE YAÑEZ FERREYROS,1977-08-01T00:00:00,M
258,7,AVANZA PAIS - PARTIDO DE INTEGRACION SOCIAL,,100.0,381,381,"2,588",00000007.jpg,3.285,3.051,33,05/10/2022,17:55 h,97.1939,JESUS MARIA,JESUS MARIA,AVANZA PAIS - PARTIDO DE INTEGRACION SOCIAL,LUIS ENRIQUE OCROSPOMA PELLA,1968-08-17T00:00:00,M
259,5,JUNTOS POR EL PERU,,100.0,381,381,"2,775",00000005.jpg,3.523,3.271,33,05/10/2022,17:55 h,97.1939,JESUS MARIA,JESUS MARIA,JUNTOS POR EL PERU,APARICIO DIONICIO QUINTANA ZEVALLOS,1945-12-12T00:00:00,M
260,11,PARTIDO FRENTE DE LA ESPERANZA 2021,,100.0,381,381,"10,921",00000011.jpg,13.864,12.874,33,05/10/2022,17:55 h,97.1939,JESUS MARIA,JESUS MARIA,PARTIDO FRENTE DE LA ESPERANZA 2021,LUIZ CARLOS REATEGUI DEL AGUILA,1985-01-27T00:00:00,M
261,9,PODEMOS PERU,,100.0,381,381,"12,282",00000009.jpg,15.592,14.479,33,05/10/2022,17:55 h,97.1939,JESUS MARIA,JESUS MARIA,PODEMOS PERU,OSCAR NICOLAS LEON AGUIRRE,1954-07-11T00:00:00,M
262,2,PARTIDO DEMOCRATICO SOMOS PERU,,100.0,381,381,"15,669",00000002.jpg,19.892,18.471,33,05/10/2022,17:55 h,97.1939,JESUS MARIA,JESUS MARIA,PARTIDO DEMOCRATICO SOMOS PERU,ERNESTO ENRIQUE DELHONTE CAGNA,1972-10-29T00:00:00,M
263,3,RENOVACION POPULAR,,100.0,381,381,"32,127",00000003.jpg,40.785,37.873,33,05/10/2022,17:55 h,97.1939,JESUS MARIA,JESUS MARIA,RENOVACION POPULAR,JESUS ALBERTO GALVEZ OLIVARES,1975-01-02T00:00:00,M
264,8,PARTIDO POLITICO NACIONAL PERU LIBRE,,100.0,579,579,"2,480",00000008.jpg,2.02,1.785,34,05/10/2022,17:55 h,97.4747,INDEPENDENCIA,INDEPENDENCIA,PARTIDO POLITICO NACIONAL PERU LIBRE,JOSE ELGAR ESPEJO CARDENAS,1977-03-14T00:00:00,M
265,7,AVANZA PAIS - PARTIDO DE INTEGRACION SOCIAL,,100.0,579,579,"3,781",00000007.jpg,3.08,2.721,34,05/10/2022,17:55 h,97.4747,INDEPENDENCIA,INDEPENDENCIA,AVANZA PAIS - PARTIDO DE INTEGRACION SOCIAL,HENRRY ALEJANDRO ALVAREZ JACINTO,1970-11-29T00:00:00,M
266,4,ALIANZA PARA EL PROGRESO,,100.0,579,579,"6,287",00000004.jpg,5.121,4.525,34,05/10/2022,17:55 h,97.4747,INDEPENDENCIA,INDEPENDENCIA,ALIANZA PARA EL PROGRESO,EVANS RODOLFO SIFUENTES OCAÑA,1963-11-06T00:00:00,M
267,5,JUNTOS POR EL PERU,,100.0,579,579,"7,903",00000005.jpg,6.438,5.688,34,05/10/2022,17:55 h,97.4747,INDEPENDENCIA,INDEPENDENCIA,JUNTOS POR EL PERU,DANIEL OLIVAS PEREZ,1975-03-05T00:00:00,M
268,11,PARTIDO FRENTE DE LA ESPERANZA 2021,,100.0,579,579,"12,406",00000011.jpg,10.106,8.929,34,05/10/2022,17:55 h,97.4747,INDEPENDENCIA,,,,,
269,3,RENOVACION POPULAR,,100.0,579,579,"25,378",00000003.jpg,20.673,18.266,34,05/10/2022,17:55 h,97.4747,INDEPENDENCIA,INDEPENDENCIA,RENOVACION POPULAR,BENIGNO ROBERTO CALDERON ARONES,1964-04-21T00:00:00,M
270,2,PARTIDO DEMOCRATICO SOMOS PERU,,100.0,579,579,"28,931",00000002.jpg,23.567,20.823,34,05/10/2022,17:55 h,97.4747,INDEPENDENCIA,INDEPENDENCIA,PARTIDO DEMOCRATICO SOMOS PERU,ALFREDO REYNAGA RAMIREZ,1964-03-15T00:00:00,M
271,9,PODEMOS PERU,,100.0,579,579,"35,594",00000009.jpg,28.995,25.619,34,05/10/2022,17:55 h,97.4747,INDEPENDENCIA,INDEPENDENCIA,PODEMOS PERU,GREGORIO BERNARDINO QUISPE ALVINO,1975-03-11T00:00:00,M
272,8,PARTIDO POLITICO NACIONAL PERU LIBRE,,100.0,546,546,"2,256",00000008.jpg,1.94,1.723,35,05/10/2022,17:55 h,97.8495,EL AGUSTINO,EL AGUSTINO,PARTIDO POLITICO NACIONAL PERU LIBRE,JUAN LUIS MEDINA PONGO,1963-08-16T00:00:00,M
273,7,AVANZA PAIS - PARTIDO DE INTEGRACION SOCIAL,,100.0,546,546,"3,556",00000007.jpg,3.057,2.715,35,05/10/2022,17:55 h,97.8495,EL AGUSTINO,EL AGUSTINO,AVANZA PAIS - PARTIDO DE INTEGRACION SOCIAL,LUZ MARLENE RICALDE CHUCO,1983-07-24T00:00:00,F
274,5,JUNTOS POR EL PERU,,100.0,546,546,"7,422",00000005.jpg,6.381,5.668,35,05/10/2022,17:55 h,97.8495,EL AGUSTINO,EL AGUSTINO,JUNTOS POR EL PERU,MARTA LILIANA URIARTE BURGA,1971-11-13T00:00:00,F
275,4,ALIANZA PARA EL PROGRESO,,100.0,546,546,"11,306",00000004.jpg,9.721,8.633,35,05/10/2022,17:55 h,97.8495,EL AGUSTINO,EL AGUSTINO,ALIANZA PARA EL PROGRESO,CARMEN CAROLINA CASTILLO YATACO,1972-07-15T00:00:00,F
276,4,ALIANZA PARA EL PROGRESO,,100.0,546,546,"11,306",00000004.jpg,9.721,8.633,35,05/10/2022,17:55 h,97.8495,EL AGUSTINO,EL AGUSTINO,ALIANZA PARA EL PROGRESO,CARMEN CAROLINA CASTILLO YATACO,1972-07-15T00:00:00,F
277,11,PARTIDO FRENTE DE LA ESPERANZA 2021,,100.0,546,546,"11,845",00000011.jpg,10.184,9.045,35,05/10/2022,17:55 h,97.8495,EL AGUSTINO,EL AGUSTINO,PARTIDO FRENTE DE LA ESPERANZA 2021,MIGUEL HERNAN GARCIA ARIAS,1958-05-28T00:00:00,M
278,2,PARTIDO DEMOCRATICO SOMOS PERU,,100.0,546,546,"17,371",00000002.jpg,14.935,13.265,35,05/10/2022,17:55 h,97.8495,EL AGUSTINO,EL AGUSTINO,PARTIDO DEMOCRATICO SOMOS PERU,KAREM MERCEDES QUEREVALU GARCIA,1982-01-04T00:00:00,F
279,3,RENOVACION POPULAR,,100.0,546,546,"21,273",00000003.jpg,18.29,16.244,35,05/10/2022,17:55 h,97.8495,EL AGUSTINO,EL AGUSTINO,RENOVACION POPULAR,AQUELINA SOLORZANO ESPINOZA,1982-01-26T00:00:00,F
280,9,PODEMOS PERU,,100.0,546,546,"41,281",00000009.jpg,35.492,31.523,35,05/10/2022,17:55 h,97.8495,EL AGUSTINO,EL AGUSTINO,PODEMOS PERU,RICHARD ROBERT SORIA FUERTE,1973-02-24T00:00:00,M
281,8,PARTIDO POLITICO NACIONAL PERU LIBRE,,100.0,"1,089","1,089","2,901",00000008.jpg,1.246,1.102,36,05/10/2022,17:55 h,97.7558,SAN JUAN DE MIRAFLORES,SAN JUAN DE MIRAFLORES,PARTIDO POLITICO NACIONAL PERU LIBRE,HANS ZAVALA MANTILLA,1982-11-20T00:00:00,M
282,7,AVANZA PAIS - PARTIDO DE INTEGRACION SOCIAL,,100.0,"1,089","1,089","8,167",00000007.jpg,3.507,3.102,36,05/10/2022,17:55 h,97.7558,SAN JUAN DE MIRAFLORES,SAN JUAN DE MIRAFLORES,AVANZA PAIS - PARTIDO DE INTEGRACION SOCIAL,JAVIER ERNESTO ALTAMIRANO COQUIS,1975-04-28T00:00:00,M
283,5,JUNTOS POR EL PERU,,100.0,"1,089","1,089","17,177",00000005.jpg,7.376,6.523,36,05/10/2022,17:55 h,97.7558,SAN JUAN DE MIRAFLORES,SAN JUAN DE MIRAFLORES,JUNTOS POR EL PERU,LEONIDAS RICHARD GONZALES RODRIGUEZ,1965-01-31T00:00:00,M
284,4,ALIANZA PARA EL PROGRESO,,100.0,"1,089","1,089","19,957",00000004.jpg,8.57,7.579,36,05/10/2022,17:55 h,97.7558,SAN JUAN DE MIRAFLORES,SAN JUAN DE MIRAFLORES,ALIANZA PARA EL PROGRESO,LUIS DANTE MENDIETA FLORES,1974-09-09T00:00:00,M
285,11,PARTIDO FRENTE DE LA ESPERANZA 2021,,100.0,"1,089","1,089","29,028",00000011.jpg,12.465,11.024,36,05/10/2022,17:55 h,97.7558,SAN JUAN DE MIRAFLORES,SAN JUAN DE MIRAFLORES,PARTIDO FRENTE DE LA ESPERANZA 2021,EDGAR WUILLINGTON MEJIA RODRIGUEZ,1982-01-09T00:00:00,M
286,2,PARTIDO DEMOCRATICO SOMOS PERU,,100.0,"1,089","1,089","37,642",00000002.jpg,16.164,14.295,36,05/10/2022,17:55 h,97.7558,SAN JUAN DE MIRAFLORES,SAN JUAN DE MIRAFLORES,PARTIDO DEMOCRATICO SOMOS PERU,ADOLFO OCAMPO VARGAS,1942-08-11T00:00:00,M
287,3,RENOVACION POPULAR,,100.0,"1,089","1,089","53,860",00000003.jpg,23.128,20.454,36,05/10/2022,17:55 h,97.7558,SAN JUAN DE MIRAFLORES,SAN JUAN DE MIRAFLORES,RENOVACION POPULAR,MABEL KARINA LEANDRO MELGAREJO,1980-10-29T00:00:00,F
288,9,PODEMOS PERU,,100.0,"1,089","1,089","64,150",00000009.jpg,27.546,24.362,36,05/10/2022,17:55 h,97.7558,SAN JUAN DE MIRAFLORES,SAN JUAN DE MIRAFLORES,PODEMOS PERU,ROGER EDINSSON PARRA TABOADA,1977-08-06T00:00:00,M
289,8,PARTIDO POLITICO NACIONAL PERU LIBRE,,100.0,"2,616","2,616","11,176",00000008.jpg,2.035,1.772,37,05/10/2022,17:55 h,99.0159,SAN JUAN DE LURIGANCHO,SAN JUAN DE LURIGANCHO,PARTIDO POLITICO NACIONAL PERU LIBRE,NILDA JUDITH RAFAEL CARO,1975-10-04T00:00:00,F
290,7,AVANZA PAIS - PARTIDO DE INTEGRACION SOCIAL,,100.0,"2,616","2,616","21,034",00000007.jpg,3.83,3.335,37,05/10/2022,17:55 h,99.0159,SAN JUAN DE LURIGANCHO,SAN JUAN DE LURIGANCHO,AVANZA PAIS - PARTIDO DE INTEGRACION SOCIAL,BRENDA DEIDAMIS LIZANO TEJADA,1983-08-22T00:00:00,F
291,5,JUNTOS POR EL PERU,,100.0,"2,616","2,616","43,962",00000005.jpg,8.004,6.97,37,05/10/2022,17:55 h,99.0159,SAN JUAN DE LURIGANCHO,SAN JUAN DE LURIGANCHO,JUNTOS POR EL PERU,MANUEL EUGENIO TORBISCO JUAREZ,1972-04-10T00:00:00,M
292,4,ALIANZA PARA EL PROGRESO,,100.0,"2,616","2,616","45,940",00000004.jpg,8.364,7.283,37,05/10/2022,17:55 h,99.0159,SAN JUAN DE LURIGANCHO,SAN JUAN DE LURIGANCHO,ALIANZA PARA EL PROGRESO,JUAN VALENTIN NAVARRO JIMENEZ,1968-01-06T00:00:00,M
293,11,PARTIDO FRENTE DE LA ESPERANZA 2021,,100.0,"2,616","2,616","60,958",00000011.jpg,11.098,9.664,37,05/10/2022,17:55 h,99.0159,SAN JUAN DE LURIGANCHO,SAN JUAN DE LURIGANCHO,PARTIDO FRENTE DE LA ESPERANZA 2021,WALTER JACOBO GUTIERREZ VAISMAN,1979-03-08T00:00:00,M
294,2,PARTIDO DEMOCRATICO SOMOS PERU,,100.0,"2,616","2,616","106,429",00000002.jpg,19.377,16.873,37,05/10/2022,17:55 h,99.0159,SAN JUAN DE LURIGANCHO,SAN JUAN DE LURIGANCHO,PARTIDO DEMOCRATICO SOMOS PERU,JESUS MALDONADO AMAO,1979-08-21T00:00:00,M
295,3,RENOVACION POPULAR,,100.0,"2,616","2,616","110,306",00000003.jpg,20.083,17.488,37,05/10/2022,17:55 h,99.0159,SAN JUAN DE LURIGANCHO,SAN JUAN DE LURIGANCHO,RENOVACION POPULAR,MANUEL ANTONY ANGULO VASQUEZ,1993-01-11T00:00:00,M
296,9,PODEMOS PERU,,100.0,"2,616","2,616","149,454",00000009.jpg,27.21,23.694,37,05/10/2022,17:55 h,99.0159,SAN JUAN DE LURIGANCHO,SAN JUAN DE LURIGANCHO,PODEMOS PERU,OSCAR NIEL HERQUINIO LUNA,1991-11-03T00:00:00,M
297,8,PARTIDO POLITICO NACIONAL PERU LIBRE,,100.0,189,189,427,00000008.jpg,1.03,0.959,38,05/10/2022,17:55 h,96.4286,SAN LUIS,SAN LUIS,PARTIDO POLITICO NACIONAL PERU LIBRE,PIERFRANCO SINCHE RUDAS,1978-10-19T00:00:00,M
298,7,AVANZA PAIS - PARTIDO DE INTEGRACION SOCIAL,,100.0,189,189,"1,423",00000007.jpg,3.433,3.198,38,05/10/2022,17:55 h,96.4286,SAN LUIS,SAN LUIS,AVANZA PAIS - PARTIDO DE INTEGRACION SOCIAL,CESAR ROBERTO MENDOZA VALENCIA,1968-02-03T00:00:00,M
299,4,ALIANZA PARA EL PROGRESO,,100.0,189,189,"1,924",00000004.jpg,4.642,4.323,38,05/10/2022,17:55 h,96.4286,SAN LUIS,SAN LUIS,ALIANZA PARA EL PROGRESO,RONALD EULOGIO FUERTES VEGA,1969-03-24T00:00:00,M
300,5,JUNTOS POR EL PERU,,100.0,189,189,"2,175",00000005.jpg,5.248,4.887,38,05/10/2022,17:55 h,96.4286,SAN LUIS,SAN LUIS,JUNTOS POR EL PERU,DANIEL ROBERTO BONET ESPINOZA,1974-07-30T00:00:00,M
301,11,PARTIDO FRENTE DE LA ESPERANZA 2021,,100.0,189,189,"3,910",00000011.jpg,9.434,8.786,38,05/10/2022,17:55 h,96.4286,SAN LUIS,SAN LUIS,PARTIDO FRENTE DE LA ESPERANZA 2021,DANIEL ANGEL GALARRETA BALBOA,1974-10-16T00:00:00,M
302,2,PARTIDO DEMOCRATICO SOMOS PERU,,100.0,189,189,"8,811",00000002.jpg,21.259,19.799,38,05/10/2022,17:55 h,96.4286,SAN LUIS,SAN LUIS,PARTIDO DEMOCRATICO SOMOS PERU,RICARDO FIDEL CASTRO SIERRA,1959-11-28T00:00:00,M
303,9,PODEMOS PERU,,100.0,189,189,"9,291",00000009.jpg,22.417,20.877,38,05/10/2022,17:55 h,96.4286,SAN LUIS,SAN LUIS,PODEMOS PERU,CHRISTIAN ISRAEL PARDO REYES,1977-01-05T00:00:00,M
304,3,RENOVACION POPULAR,,100.0,189,189,"13,485",00000003.jpg,32.536,30.301,38,05/10/2022,17:55 h,96.4286,SAN LUIS,SAN LUIS,RENOVACION POPULAR,RICARDO ROBERT PEREZ CASTRO,1966-08-11T00:00:00,M
305,7,AVANZA PAIS - PARTIDO DE INTEGRACION SOCIAL,,100.0,80,80,268,00000007.jpg,1.467,1.35,39,05/10/2022,17:55 h,93.0233,CIENEGUILLA,CIENEGUILLA,AVANZA PAIS - PARTIDO DE INTEGRACION SOCIAL,DIANA CHRISTINE PAUCAR GUTIERREZ,1988-02-13T00:00:00,F
306,8,PARTIDO POLITICO NACIONAL PERU LIBRE,,100.0,80,80,284,00000008.jpg,1.555,1.431,39,05/10/2022,17:55 h,93.0233,CIENEGUILLA,CIENEGUILLA,PARTIDO POLITICO NACIONAL PERU LIBRE,WILFREDO RICHARD SOSA PALOMINO,1975-01-24T00:00:00,M
307,4,ALIANZA PARA EL PROGRESO,,100.0,80,80,786,00000004.jpg,4.303,3.96,39,05/10/2022,17:55 h,93.0233,CIENEGUILLA,CIENEGUILLA,ALIANZA PARA EL PROGRESO,LUIS PELAYO AGUILAR ARENAZA,1959-03-25T00:00:00,M
308,11,PARTIDO FRENTE DE LA ESPERANZA 2021,,100.0,80,80,"1,107",00000011.jpg,6.06,5.578,39,05/10/2022,17:55 h,93.0233,CIENEGUILLA,,,,,
309,5,JUNTOS POR EL PERU,,100.0,80,80,"1,234",00000005.jpg,6.756,6.218,39,05/10/2022,17:55 h,93.0233,CIENEGUILLA,CIENEGUILLA,JUNTOS POR EL PERU,JOSE LUIS LANDEO MUÑOZ,1974-10-01T00:00:00,M
310,3,RENOVACION POPULAR,,100.0,80,80,"3,828",00000003.jpg,20.957,19.288,39,05/10/2022,17:55 h,93.0233,CIENEGUILLA,CIENEGUILLA,RENOVACION POPULAR,WILLIAM RONALD SALAZAR MATEO,1986-09-18T00:00:00,M
311,2,PARTIDO DEMOCRATICO SOMOS PERU,,100.0,80,80,"4,311",00000002.jpg,23.601,21.721,39,05/10/2022,17:55 h,93.0233,CIENEGUILLA,CIENEGUILLA,PARTIDO DEMOCRATICO SOMOS PERU,OSCAR ORLANDO SUBILETI ARECHE,1973-11-04T00:00:00,M
312,9,PODEMOS PERU,,100.0,80,80,"6,448",00000009.jpg,35.301,32.489,39,05/10/2022,17:55 h,93.0233,CIENEGUILLA,CIENEGUILLA,PODEMOS PERU,EMILIO ALBERTO CHAVEZ HUARINGA,1976-08-06T00:00:00,M
313,8,PARTIDO POLITICO NACIONAL PERU LIBRE,,100.0,405,405,317,00000008.jpg,0.379,0.356,40,05/10/2022,17:55 h,97.1223,SAN BORJA,,,,,
314,7,AVANZA PAIS - PARTIDO DE INTEGRACION SOCIAL,,100.0,405,405,"1,346",00000007.jpg,1.608,1.513,40,05/10/2022,17:55 h,97.1223,SAN BORJA,SAN BORJA,AVANZA PAIS - PARTIDO DE INTEGRACION SOCIAL,HENRY STEVE MUBARAK AGUAD,1984-01-17T00:00:00,M
315,4,ALIANZA PARA EL PROGRESO,,100.0,405,405,"1,883",00000004.jpg,2.25,2.116,40,05/10/2022,17:55 h,97.1223,SAN BORJA,SAN BORJA,ALIANZA PARA EL PROGRESO,GINA VALERIA CASANOVA MERA,1987-10-13T00:00:00,F
316,5,JUNTOS POR EL PERU,,100.0,405,405,"2,000",00000005.jpg,2.39,2.248,40,05/10/2022,17:55 h,97.1223,SAN BORJA,,,,,
317,11,PARTIDO FRENTE DE LA ESPERANZA 2021,,100.0,405,405,"7,507",00000011.jpg,8.969,8.437,40,05/10/2022,17:55 h,97.1223,SAN BORJA,SAN BORJA,PARTIDO FRENTE DE LA ESPERANZA 2021,MARCO ANTONIO MOSHE PEÑA LEON,1986-05-08T00:00:00,M
318,9,PODEMOS PERU,,100.0,405,405,"9,198",00000009.jpg,10.99,10.337,40,05/10/2022,17:55 h,97.1223,SAN BORJA,SAN BORJA,PODEMOS PERU,JUAN CARLOS ZEVALLOS RIVEROS,1959-11-04T00:00:00,M
319,2,PARTIDO DEMOCRATICO SOMOS PERU,,100.0,405,405,"15,452",00000002.jpg,18.462,17.366,40,05/10/2022,17:55 h,97.1223,SAN BORJA,SAN BORJA,PARTIDO DEMOCRATICO SOMOS PERU,JOSE ALBERTO VALDEZ OYOLA,1970-07-02T00:00:00,M
320,3,RENOVACION POPULAR,,100.0,405,405,"45,994",00000003.jpg,54.953,51.691,40,05/10/2022,17:55 h,97.1223,SAN BORJA,SAN BORJA,RENOVACION POPULAR,MARCO ANTONIO ALVAREZ VARGAS,1948-04-04T00:00:00,M
321,8,PARTIDO POLITICO NACIONAL PERU LIBRE,,100.0,"1,091","1,091","2,879",00000008.jpg,1.197,1.064,41,05/10/2022,17:55 h,96.8057,VILLA EL SALVADOR,VILLA EL SALVADOR,PARTIDO POLITICO NACIONAL PERU LIBRE,DEMBER NEPTALI COSI CUTIPA,1981-12-19T00:00:00,M
322,7,AVANZA PAIS - PARTIDO DE INTEGRACION SOCIAL,,100.0,"1,091","1,091","5,382",00000007.jpg,2.238,1.989,41,05/10/2022,17:55 h,96.8057,VILLA EL SALVADOR,VILLA EL SALVADOR,AVANZA PAIS - PARTIDO DE INTEGRACION SOCIAL,JOSÉ MARTÍN MENDOZA ARGUMEDO,1966-04-16T00:00:00,M
323,5,JUNTOS POR EL PERU,,100.0,"1,091","1,091","19,080",00000005.jpg,7.933,7.051,41,05/10/2022,17:55 h,96.8057,VILLA EL SALVADOR,VILLA EL SALVADOR,JUNTOS POR EL PERU,JOSE UBIL CARRANZA RAFAEL,1978-05-06T00:00:00,M
324,11,PARTIDO FRENTE DE LA ESPERANZA 2021,,100.0,"1,091","1,091","26,376",00000011.jpg,10.967,9.747,41,05/10/2022,17:55 h,96.8057,VILLA EL SALVADOR,VILLA EL SALVADOR,PARTIDO FRENTE DE LA ESPERANZA 2021,MARLON VIC ICHPAS CANALES,1968-12-02T00:00:00,M
325,4,ALIANZA PARA EL PROGRESO,,100.0,"1,091","1,091","28,976",00000004.jpg,12.048,10.708,41,05/10/2022,17:55 h,96.8057,VILLA EL SALVADOR,VILLA EL SALVADOR,ALIANZA PARA EL PROGRESO,GUIDO IÑIGO PERALTA,1985-09-17T00:00:00,M
326,2,PARTIDO DEMOCRATICO SOMOS PERU,,100.0,"1,091","1,091","33,155",00000002.jpg,13.785,12.252,41,05/10/2022,17:55 h,96.8057,VILLA EL SALVADOR,VILLA EL SALVADOR,PARTIDO DEMOCRATICO SOMOS PERU,ALBERTO LUIS PERALTA HUATUCO,1969-06-11T00:00:00,M
327,3,RENOVACION POPULAR,,100.0,"1,091","1,091","43,285",00000003.jpg,17.997,15.996,41,05/10/2022,17:55 h,96.8057,VILLA EL SALVADOR,VILLA EL SALVADOR,RENOVACION POPULAR,ESTHER STHEPH COARITA UCHARICO,1976-09-18T00:00:00,F
328,9,PODEMOS PERU,,100.0,"1,091","1,091","81,379",00000009.jpg,33.836,30.073,41,05/10/2022,17:55 h,96.8057,VILLA EL SALVADOR,VILLA EL SALVADOR,PODEMOS PERU,LUIS MARTIN MOZO ALDUNATE,1984-09-12T00:00:00,M
329,8,PARTIDO POLITICO NACIONAL PERU LIBRE,,100.0,973,973,"3,212",00000008.jpg,1.538,1.37,42,05/10/2022,17:55 h,97.7889,LOS OLIVOS,LOS OLIVOS,PARTIDO POLITICO NACIONAL PERU LIBRE,HERNAN CIRO PAUYAC HUAMAN,1962-01-16T00:00:00,M
330,7,AVANZA PAIS - PARTIDO DE INTEGRACION SOCIAL,,100.0,973,973,"5,552",00000007.jpg,2.659,2.368,42,05/10/2022,17:55 h,97.7889,LOS OLIVOS,LOS OLIVOS,AVANZA PAIS - PARTIDO DE INTEGRACION SOCIAL,JUAN CARLOS NAVARRO DE LA CRUZ,1971-10-28T00:00:00,M
331,4,ALIANZA PARA EL PROGRESO,,100.0,973,973,"8,122",00000004.jpg,3.89,3.464,42,05/10/2022,17:55 h,97.7889,LOS OLIVOS,LOS OLIVOS,ALIANZA PARA EL PROGRESO,PEDRO MOISES DEL ROSARIO RAMIREZ,1972-06-30T00:00:00,M
332,5,JUNTOS POR EL PERU,,100.0,973,973,"16,609",00000005.jpg,7.955,7.085,42,05/10/2022,17:55 h,97.7889,LOS OLIVOS,LOS OLIVOS,JUNTOS POR EL PERU,HEIDELBERGER WILLIANS DAVIS SUYON DIAZ,1991-11-30T00:00:00,M
333,11,PARTIDO FRENTE DE LA ESPERANZA 2021,,100.0,973,973,"27,409",00000011.jpg,13.127,11.691,42,05/10/2022,17:55 h,97.7889,LOS OLIVOS,LOS OLIVOS,PARTIDO FRENTE DE LA ESPERANZA 2021,RICARDO LUIS GRADOS GUEVARA,1975-09-20T00:00:00,M
334,2,PARTIDO DEMOCRATICO SOMOS PERU,,100.0,973,973,"37,896",00000002.jpg,18.15,16.164,42,05/10/2022,17:55 h,97.7889,LOS OLIVOS,LOS OLIVOS,PARTIDO DEMOCRATICO SOMOS PERU,BIBERTO BENERANDO CASTILLO LEON,1966-04-15T00:00:00,M
335,3,RENOVACION POPULAR,,100.0,973,973,"51,165",00000003.jpg,24.504,21.824,42,05/10/2022,17:55 h,97.7889,LOS OLIVOS,LOS OLIVOS,RENOVACION POPULAR,ARTURO ALEJANDRO CUTIPA CAMAC,1979-03-28T00:00:00,M
336,9,PODEMOS PERU,,100.0,973,973,"58,834",00000009.jpg,28.177,25.095,42,05/10/2022,17:55 h,97.7889,LOS OLIVOS,LOS OLIVOS,PODEMOS PERU,LUIS FELIPE CASTILLO OLIVA,1976-07-31T00:00:00,M
337,8,PARTIDO POLITICO NACIONAL PERU LIBRE,,100.0,614,614,"2,493",00000008.jpg,1.815,1.67,43,05/10/2022,17:55 h,97.9266,SANTA ANITA,SANTA ANITA,PARTIDO POLITICO NACIONAL PERU LIBRE,UBERLINDA ZEVALLOS FLORES,1977-03-03T00:00:00,F
338,7,AVANZA PAIS - PARTIDO DE INTEGRACION SOCIAL,,100.0,614,614,"3,297",00000007.jpg,2.401,2.208,43,05/10/2022,17:55 h,97.9266,SANTA ANITA,SANTA ANITA,AVANZA PAIS - PARTIDO DE INTEGRACION SOCIAL,JESUS RICARDO BONIFAZ RINCON,1959-02-07T00:00:00,M
339,5,JUNTOS POR EL PERU,,100.0,614,614,"10,157",00000005.jpg,7.396,6.802,43,05/10/2022,17:55 h,97.9266,SANTA ANITA,SANTA ANITA,JUNTOS POR EL PERU,HECTOR LUIS HUAMANI QUISPE,1970-01-23T00:00:00,M
340,11,PARTIDO FRENTE DE LA ESPERANZA 2021,,100.0,614,614,"14,979",00000011.jpg,10.907,10.032,43,05/10/2022,17:55 h,97.9266,SANTA ANITA,SANTA ANITA,PARTIDO FRENTE DE LA ESPERANZA 2021,JOSE ELEUTERIO HORNA SAAVEDRA,1963-10-05T00:00:00,M
341,4,ALIANZA PARA EL PROGRESO,,100.0,614,614,"16,622",00000004.jpg,12.104,11.132,43,05/10/2022,17:55 h,97.9266,SANTA ANITA,SANTA ANITA,ALIANZA PARA EL PROGRESO,OLIMPIO ALEGRIA CALDERON,1970-08-04T00:00:00,M
342,2,PARTIDO DEMOCRATICO SOMOS PERU,,100.0,614,614,"20,554",00000002.jpg,14.967,13.765,43,05/10/2022,17:55 h,97.9266,SANTA ANITA,SANTA ANITA,PARTIDO DEMOCRATICO SOMOS PERU,RODOLFO MARTINEZ SILVA,1978-06-13T00:00:00,M
343,3,RENOVACION POPULAR,,100.0,614,614,"25,436",00000003.jpg,18.522,17.035,43,05/10/2022,17:55 h,97.9266,SANTA ANITA,SANTA ANITA,RENOVACION POPULAR,WARNER ELMO LLALLICO HUANCAYA,1967-12-08T00:00:00,M
344,9,PODEMOS PERU,,100.0,614,614,"43,794",00000009.jpg,31.889,29.33,43,05/10/2022,17:55 h,97.9266,SANTA ANITA,SANTA ANITA,PODEMOS PERU,LEONOR CHUMBIMUNE CAJAHUARINGA,1968-01-07T00:00:00,F
